id,canal,campana,ticket_mil,tiempo_min,resuelto
1,Web,B,64.53,34.9,0
2,Tienda,C,45.09,34.29,1
3,Tienda,C,50.67,29.34,1
4,Web,C,23.61,22.83,1
5,Tienda,C,40.62,17.2,0
6,Web,A,55.05,49.09,0
7,Web,C,65.14,41.34,1
8,Web,A,93.15,50.22,1
9,Tienda,A,40.44,39.91,1
10,Tienda,C,68.91,30.98,0
11,Tienda,C,39.18,41.54,0
12,Web,A,18.63,41.04,1
13,Web,A,31.72,41.51,0
14,Web,A,27.78,41.69,1
15,Web,B,41.43,34.84,1
16,Web,C,53.26,32.33,1
17,Web,A,35.03,40.94,1
18,Web,A,30.57,43.17,1
19,Tienda,B,76.02,23.47,1
20,Web,B,40.6,34.84,0
21,Web,A,35.74,47.14,1
22,Tienda,B,56.42,40.52,1
23,Web,A,21.18,42.53,1
24,Web,B,66.22,41.0,1
25,Web,C,54.68,29.51,1
26,Web,A,45.78,35.54,1
27,Web,A,17.26,32.72,0
28,Tienda,A,43.57,38.88,0
29,Tienda,A,60.49,33.08,0
30,Tienda,B,43.41,35.6,1
31,Tienda,B,60.65,35.15,1
32,Web,A,22.39,43.17,0
33,Web,A,63.48,36.44,1
34,Web,C,45.98,43.78,1
35,Tienda,A,43.27,30.02,1
36,Tienda,A,88.12,50.28,0
37,Tienda,A,40.34,40.15,1
38,Web,C,44.95,26.61,1
39,Tienda,C,50.62,35.07,1
40,Web,C,48.48,29.88,1
41,Tienda,C,48.51,20.18,0
42,Web,A,46.59,46.92,0
43,Web,A,46.09,41.58,1
44,Web,B,30.85,40.0,1
45,Web,C,49.42,42.17,0
46,Tienda,C,66.96,25.21,0
47,Web,B,32.08,28.91,1
48,Web,A,54.63,53.4,1
49,Tienda,B,71.99,27.67,1
50,Web,A,59.57,42.62,0
51,Tienda,C,61.22,32.62,1
52,Web,B,58.5,43.81,1
53,Web,A,39.74,36.4,1
54,Web,B,29.84,32.3,1
55,Web,C,46.3,33.8,1
56,Tienda,B,66.35,25.17,1
57,Web,B,48.23,44.78,1
58,Web,A,103.1,34.85,0
59,Web,C,90.09,26.4,0
60,Web,B,38.21,31.53,1
61,Web,B,27.89,41.02,0
62,Web,C,57.82,38.91,1
63,Tienda,A,93.95,42.99,1
64,Web,C,43.93,38.01,1
65,Web,B,108.92,37.89,1
66,Web,B,42.11,39.64,1
67,Web,B,24.95,51.56,1
68,Web,B,41.39,38.6,1
69,Tienda,B,56.24,34.87,0
70,Web,C,24.72,33.73,0
71,Web,A,49.62,53.65,1
72,Web,C,29.21,43.29,1
73,Web,A,33.78,51.17,1
74,Tienda,C,55.63,35.99,1
75,Web,C,64.7,36.92,1
76,Web,B,56.05,53.13,1
77,Web,A,41.18,36.38,1
78,Web,C,35.24,41.69,1
79,Tienda,A,54.92,36.67,1
80,Tienda,C,76.23,23.08,1
81,Web,A,78.34,44.11,1
82,Tienda,C,39.79,28.69,1
83,Web,B,83.53,44.62,0
84,Web,C,53.65,25.36,1
85,Tienda,C,45.2,34.2,1
86,Web,B,39.57,49.1,1
87,Web,B,31.36,38.8,1
88,Web,B,49.31,31.04,1
89,Web,A,24.22,49.98,1
90,Tienda,B,93.47,36.42,0
91,Web,A,73.82,35.61,0
92,Web,C,39.26,37.07,1
93,Web,C,63.08,26.74,1
94,Tienda,A,43.18,39.3,1
95,Tienda,A,75.94,33.71,1
96,Web,A,79.32,41.54,1
97,Web,C,50.17,22.77,1
98,Tienda,B,49.22,34.14,0
99,Tienda,A,42.29,42.76,1
100,Web,B,41.91,39.09,1
101,Web,A,35.92,33.56,1
102,Tienda,B,61.57,24.33,1
103,Web,C,38.9,38.8,1
104,Tienda,C,61.48,22.6,1
105,Web,A,36.06,37.97,0
106,Web,A,24.72,49.54,0
107,Web,A,52.4,33.53,1
108,Tienda,A,85.84,38.66,1
109,Web,C,65.6,39.25,1
110,Web,C,59.29,33.42,1
111,Tienda,C,68.06,34.97,0
112,Web,C,27.58,31.93,1
113,Web,B,36.41,40.57,1
114,Web,B,28.74,37.82,0
115,Tienda,B,46.56,36.52,1
116,Tienda,A,82.72,36.68,1
117,Web,C,42.03,20.64,1
118,Web,B,41.69,38.56,1
119,Web,C,48.92,31.64,1
120,Web,A,29.46,44.86,1
121,Web,A,49.04,46.62,0
122,Web,A,30.63,38.33,0
123,Tienda,C,53.87,30.09,1
124,Web,A,60.41,35.51,1
125,Tienda,A,52.22,40.86,1
126,Tienda,C,59.61,36.11,1
127,Web,A,81.08,39.84,1
128,Web,B,44.8,32.99,1
129,Web,C,29.69,35.28,1
130,Web,C,55.52,33.58,1
131,Web,C,38.96,43.27,1
132,Tienda,B,43.48,45.06,1
133,Tienda,B,33.95,27.41,1
134,Tienda,A,59.11,34.19,1
135,Tienda,B,78.1,49.13,1
136,Web,B,36.1,35.37,0
137,Web,B,37.19,25.31,1
138,Web,C,40.17,41.55,0
139,Web,C,43.33,48.31,1
140,Web,B,35.63,53.82,1
141,Web,C,34.78,43.14,0
142,Web,B,43.67,30.38,0
143,Web,B,44.21,38.41,1
144,Web,B,35.26,25.97,1
145,Web,B,101.01,45.41,1
146,Web,A,69.13,34.45,1
147,Web,C,32.16,36.1,0
148,Web,A,104.58,48.65,0
149,Web,A,30.83,33.45,0
150,Tienda,C,89.53,26.52,1
151,Web,A,47.49,32.63,1
152,Web,C,27.74,27.38,1
153,Web,C,25.41,31.95,0
154,Tienda,C,64.72,34.91,0
155,Web,B,40.32,44.54,1
156,Tienda,A,31.06,48.07,1
157,Tienda,A,66.25,25.11,0
158,Tienda,A,42.23,44.47,1
159,Web,B,47.93,42.77,0
160,Tienda,A,41.48,39.22,1
161,Tienda,B,63.64,38.65,0
162,Web,C,39.71,39.38,0
163,Tienda,A,36.8,39.8,1
164,Web,C,58.1,30.75,1
165,Web,A,68.12,48.3,1
166,Web,A,87.18,44.01,1
167,Web,C,43.35,30.24,1
168,Tienda,B,35.12,31.1,1
169,Web,B,60.78,40.59,0
170,Web,A,53.14,41.29,1
171,Tienda,C,35.89,23.45,1
172,Web,A,38.36,44.17,1
173,Web,B,56.1,37.38,1
174,Tienda,C,48.96,21.18,1
175,Web,A,45.87,34.64,0
176,Tienda,C,78.06,38.58,0
177,Tienda,B,69.68,26.14,1
178,Tienda,A,101.18,42.77,0
179,Web,B,30.26,29.7,1
180,Web,C,67.58,33.12,1
181,Web,C,31.39,35.33,1
182,Web,B,34.05,31.21,1
183,Web,C,40.92,29.38,1
184,Web,A,46.05,50.23,0
185,Web,A,21.3,44.45,1
186,Tienda,A,51.15,30.39,0
187,Web,B,20.77,37.37,0
188,Tienda,A,52.21,30.58,1
189,Web,B,50.99,37.25,1
190,Tienda,B,35.98,39.12,1
191,Web,A,48.71,49.7,1
192,Web,A,62.03,39.95,1
193,Web,B,49.3,37.84,1
194,Tienda,A,44.12,25.69,1
195,Web,A,24.34,42.94,1
196,Web,B,80.12,27.86,1
197,Web,C,47.41,29.57,1
198,Tienda,B,36.47,42.6,1
199,Web,A,26.7,48.19,1
200,Tienda,C,39.42,35.9,1
201,Tienda,A,34.13,40.11,1
202,Web,A,40.68,38.39,1
203,Tienda,A,55.89,48.27,1
204,Web,C,42.54,26.4,1
205,Web,A,23.2,40.26,1
206,Web,C,57.87,31.61,1
207,Web,A,27.85,43.8,1
208,Web,A,54.95,44.44,1
209,Web,C,30.51,30.35,0
210,Web,A,44.12,28.99,1
211,Tienda,A,28.59,29.26,0
212,Web,A,57.23,39.0,1
213,Web,C,57.2,38.78,1
214,Tienda,A,85.2,34.76,1
215,Web,B,34.92,31.93,1
216,Web,C,40.59,35.62,1
217,Web,A,37.48,28.1,1
218,Tienda,A,108.08,44.53,1
219,Tienda,B,85.7,38.68,1
220,Web,C,72.63,37.21,1
221,Web,B,51.14,30.2,0
222,Web,C,58.18,33.03,0
223,Tienda,A,84.34,43.9,0
224,Tienda,B,92.61,26.95,1
225,Web,B,44.65,38.04,0
226,Web,C,73.17,14.31,1
227,Tienda,B,45.73,42.56,0
228,Web,B,47.91,44.69,1
229,Web,C,43.37,51.46,1
230,Web,C,69.28,28.78,1
231,Web,B,40.08,34.64,1
232,Tienda,C,36.56,33.24,1
233,Tienda,C,60.17,31.72,1
234,Tienda,B,39.73,26.57,1
235,Web,C,35.41,41.01,1
236,Web,B,12.79,35.67,1
237,Tienda,C,43.63,19.84,1
238,Web,A,28.63,47.88,1
239,Web,A,53.68,34.89,1
240,Tienda,C,39.76,36.53,1
241,Web,A,54.66,31.14,1
242,Web,C,126.48,30.6,1
243,Web,B,41.88,29.4,1
244,Tienda,B,58.06,20.37,1
245,Tienda,A,50.45,35.34,1
246,Tienda,B,38.54,45.76,1
247,Web,C,33.13,41.41,1
248,Tienda,A,47.29,42.91,1
249,Tienda,B,50.82,29.25,1
250,Web,A,23.11,42.8,1
251,Web,A,41.82,37.3,1
252,Tienda,A,73.19,42.82,1
253,Web,C,22.22,34.21,0
254,Web,A,39.66,44.1,0
255,Web,A,32.34,41.75,1
256,Web,C,39.31,44.86,1
257,Web,C,56.79,43.02,1
258,Web,A,62.57,47.71,1
259,Web,B,36.96,29.87,1
260,Web,B,58.08,37.87,0
261,Tienda,A,37.21,57.31,1
262,Web,B,33.62,33.32,1
263,Web,B,46.4,48.11,1
264,Web,A,74.7,31.69,1
265,Web,B,44.33,48.49,1
266,Tienda,A,46.7,36.69,0
267,Tienda,B,35.28,44.7,1
268,Web,C,41.23,27.69,1
269,Web,B,47.05,28.61,1
270,Tienda,B,65.69,31.85,0
271,Web,A,79.95,44.02,1
272,Tienda,A,72.79,46.95,0
273,Web,B,76.53,41.08,1
274,Web,A,48.34,24.2,0
275,Web,C,56.4,26.23,1
276,Tienda,A,28.91,31.27,0
277,Web,C,45.46,35.43,1
278,Web,A,63.15,25.91,1
279,Tienda,B,109.66,29.96,0
280,Web,B,25.48,29.84,1
281,Web,B,41.76,34.03,1
282,Tienda,C,58.21,37.42,0
283,Tienda,A,108.71,40.77,1
284,Tienda,B,34.65,26.67,1
285,Web,B,45.82,39.23,1
286,Tienda,C,56.23,33.08,1
287,Tienda,C,32.55,37.23,1
288,Web,B,29.17,36.2,0
289,Web,A,23.95,38.91,1
290,Web,C,22.66,36.15,1
291,Tienda,A,48.77,44.16,1
292,Web,C,37.61,38.15,1
293,Web,B,63.19,40.03,0
294,Web,C,48.23,24.89,1
295,Web,C,65.56,23.3,1
296,Web,C,51.61,41.04,1
297,Web,A,64.0,33.98,0
298,Web,A,84.39,40.92,0
299,Tienda,A,37.15,41.63,1
300,Tienda,B,52.72,32.1,1
301,Web,B,26.21,29.63,1
302,Web,B,49.71,42.13,1
303,Tienda,B,28.66,35.4,0
304,Web,A,40.12,22.9,1
305,Web,B,20.86,36.33,1
306,Web,B,68.71,45.18,1
307,Web,B,45.6,40.76,1
308,Web,A,34.82,44.48,1
309,Tienda,C,23.84,28.52,1
310,Web,C,40.07,26.13,1
311,Web,C,48.86,38.71,0
312,Tienda,A,80.6,35.61,1
313,Web,B,35.74,31.78,1
314,Web,B,48.85,46.16,1
315,Tienda,C,70.82,29.33,1
316,Tienda,B,68.1,45.32,1
317,Web,B,75.42,18.62,1
318,Web,A,59.32,41.21,1
319,Web,C,65.27,36.95,0
320,Tienda,B,37.25,40.78,0
321,Tienda,C,32.97,29.33,1
322,Tienda,C,52.99,39.73,1
323,Tienda,A,55.51,44.27,0
324,Tienda,B,40.01,29.22,1
325,Web,C,80.22,25.06,0
326,Web,B,76.74,33.21,1
327,Web,A,54.81,23.42,1
328,Web,C,46.64,38.85,1
329,Web,A,28.04,44.37,1
330,Web,A,44.41,34.96,0
331,Tienda,C,49.98,23.96,0
332,Tienda,C,40.55,28.04,1
333,Web,C,36.81,35.45,1
334,Web,B,60.79,47.61,1
335,Web,A,64.0,41.36,0
336,Web,B,68.94,46.24,1
337,Web,C,54.14,32.98,1
338,Web,C,33.29,15.79,0
339,Web,B,45.06,23.59,1
340,Tienda,A,46.92,45.04,1
341,Web,B,38.3,26.03,1
342,Tienda,A,58.2,35.03,1
343,Tienda,B,94.99,37.19,0
344,Web,A,37.89,46.5,1
345,Web,A,54.25,35.04,1
346,Web,A,34.6,38.98,1
347,Web,B,99.86,43.61,1
348,Tienda,C,71.85,37.12,1
349,Tienda,C,52.3,24.88,1
350,Tienda,B,103.28,30.58,1
351,Web,C,49.87,18.63,1
352,Tienda,B,43.85,32.71,1
353,Web,C,55.93,29.04,1
354,Tienda,A,39.57,42.34,1
355,Web,C,55.62,27.65,1
356,Tienda,A,36.14,28.5,1
357,Tienda,C,46.21,37.06,1
358,Web,A,48.46,47.47,1
359,Web,A,54.82,42.7,0
360,Web,C,80.83,39.34,0
361,Web,B,60.25,31.73,1
362,Web,A,50.5,41.59,1
363,Tienda,C,43.62,14.21,1
364,Tienda,C,53.54,29.07,1
365,Web,A,55.88,48.77,0
366,Tienda,C,34.31,25.15,1
367,Web,C,40.81,32.1,0
368,Tienda,B,67.51,38.22,1
369,Web,C,48.81,27.63,0
370,Web,A,61.7,34.82,1
371,Web,B,38.12,35.84,1
372,Tienda,B,50.74,53.2,1
373,Web,A,47.1,41.22,1
374,Web,B,39.18,38.16,1
375,Web,A,66.72,35.39,1
376,Tienda,C,37.65,29.15,1
377,Tienda,C,58.19,29.67,1
378,Web,C,50.4,42.5,1
379,Tienda,C,72.82,25.96,1
380,Tienda,C,34.78,36.21,1
381,Web,B,28.9,39.76,1
382,Web,A,40.14,20.86,0
383,Tienda,B,54.29,37.44,0
384,Web,C,89.22,45.84,1
385,Tienda,C,82.05,33.15,1
386,Tienda,B,67.73,32.11,1
387,Tienda,B,33.95,40.09,1
388,Tienda,C,59.69,19.94,1
389,Web,C,29.59,42.93,1
390,Tienda,C,60.09,33.39,1
391,Web,C,36.86,29.0,1
392,Web,C,53.23,33.68,1
393,Web,C,24.87,32.42,0
394,Web,A,37.79,45.63,1
395,Web,B,26.86,37.72,1
396,Web,C,77.93,31.44,1
397,Tienda,B,38.68,45.69,1
398,Web,A,53.4,50.7,0
399,Tienda,A,51.76,40.79,0
400,Web,A,34.61,35.24,1
401,Web,A,18.97,41.33,1
402,Tienda,C,37.67,35.89,0
403,Web,C,37.73,17.9,1
404,Web,C,138.07,14.48,0
405,Web,B,40.79,35.11,1
406,Tienda,C,35.85,36.99,1
407,Web,A,55.75,37.32,0
408,Web,A,31.8,46.16,1
409,Web,C,28.49,25.07,1
410,Tienda,C,53.51,43.79,0
411,Web,A,18.37,54.88,0
412,Tienda,A,47.82,19.08,1
413,Web,A,37.05,36.32,1
414,Tienda,B,59.23,36.21,1
415,Tienda,A,57.28,33.66,1
416,Web,A,159.7,36.8,1
417,Tienda,C,43.39,29.89,1
418,Tienda,C,44.35,26.25,1
419,Web,A,43.03,30.86,0
420,Web,A,38.76,43.68,1
421,Web,B,71.64,40.64,1
422,Web,B,34.83,27.63,1
423,Tienda,C,30.68,19.06,1
424,Tienda,B,66.51,40.86,1
425,Tienda,C,50.28,35.63,1
426,Tienda,C,30.99,27.91,1
427,Web,A,31.04,47.1,1
428,Tienda,C,55.81,37.81,1
429,Web,C,43.15,30.36,1
430,Tienda,B,49.14,41.02,1
431,Web,A,46.19,45.9,1
432,Tienda,B,78.44,40.67,1
433,Web,A,98.26,44.72,1
434,Tienda,B,43.89,35.1,1
435,Tienda,A,65.14,43.97,1
436,Web,B,41.14,44.48,1
437,Web,C,62.57,34.71,1
438,Tienda,B,47.47,28.51,0
439,Tienda,C,63.92,22.24,1
440,Tienda,B,40.91,28.98,1
441,Tienda,B,55.13,37.29,1
442,Web,B,25.19,33.96,1
443,Web,A,63.13,53.55,1
444,Web,B,32.56,40.99,1
445,Web,B,70.63,39.62,1
446,Tienda,C,34.41,28.32,1
447,Web,B,37.91,37.91,0
448,Web,A,47.46,45.58,1
449,Tienda,A,43.68,56.05,1
450,Web,C,48.35,21.03,0
451,Web,C,15.65,29.03,0
452,Web,B,24.02,48.32,1
453,Tienda,A,61.77,41.8,1
454,Tienda,C,42.8,30.74,1
455,Tienda,A,24.05,37.47,0
456,Web,C,21.45,38.89,1
457,Web,A,39.75,49.8,0
458,Web,B,22.57,44.92,1
459,Web,A,111.67,47.14,0
460,Web,A,31.17,32.97,1
461,Tienda,A,87.72,22.77,1
462,Web,C,39.4,28.12,1
463,Web,C,95.52,30.77,1
464,Web,B,63.79,36.76,1
465,Web,B,46.67,31.58,0
466,Tienda,A,109.15,51.0,0
467,Web,C,54.27,34.53,1
468,Tienda,A,94.47,43.24,1
469,Tienda,C,53.2,34.79,1
470,Tienda,A,49.54,40.78,1
471,Web,A,41.57,39.54,1
472,Tienda,C,49.24,20.86,1
473,Web,B,22.68,47.67,1
474,Tienda,C,61.12,21.69,1
475,Web,A,24.81,40.63,1
476,Web,C,50.72,27.34,1
477,Tienda,A,110.9,35.98,1
478,Tienda,A,53.89,36.55,0
479,Web,A,30.06,40.99,1
480,Web,A,28.01,41.31,1
481,Web,A,28.29,32.72,0
482,Web,B,23.59,28.75,1
483,Tienda,B,40.89,33.87,1
484,Web,C,40.94,26.23,1
485,Web,C,41.8,40.79,1
486,Web,A,70.61,42.7,0
487,Web,C,44.94,35.88,1
488,Web,C,62.98,39.15,1
489,Tienda,B,91.88,28.84,0
490,Tienda,A,49.53,47.43,1
491,Tienda,B,44.17,43.19,1
492,Tienda,A,40.43,40.82,1
493,Web,C,59.85,35.79,1
494,Web,A,61.47,31.55,0
495,Web,C,24.76,40.38,1
496,Tienda,B,54.75,34.85,0
497,Web,B,32.84,32.35,1
498,Web,A,58.2,50.55,0
499,Tienda,A,70.86,32.37,1
500,Tienda,C,77.8,33.2,1
501,Web,B,25.62,43.14,0
502,Web,C,42.5,32.52,1
503,Web,A,64.96,40.93,0
504,Web,B,30.22,18.08,1
505,Tienda,A,48.23,44.84,1
506,Web,A,56.01,42.08,1
507,Web,C,35.79,35.01,1
508,Web,A,32.58,33.53,0
509,Web,B,41.17,35.42,1
510,Tienda,C,73.62,23.28,1
511,Tienda,C,34.28,28.09,1
512,Web,C,55.13,31.07,1
513,Tienda,A,64.35,32.63,0
514,Tienda,A,54.06,46.34,1
515,Web,A,26.72,46.92,1
516,Web,A,48.3,41.37,0
517,Web,C,29.11,21.91,1
518,Web,A,57.41,36.68,0
519,Web,B,19.06,34.58,1
520,Web,A,45.89,50.67,1
521,Tienda,A,46.71,47.95,0
522,Web,C,43.54,37.22,1
523,Web,B,37.25,35.57,1
524,Tienda,B,50.66,41.88,1
525,Tienda,C,40.76,38.79,1
526,Tienda,C,57.48,32.54,1
527,Tienda,B,61.01,30.21,1
528,Web,C,39.83,50.31,1
529,Web,B,49.75,39.89,1
530,Web,B,35.32,38.34,1
531,Web,C,51.61,30.71,1
532,Tienda,C,50.81,31.14,1
533,Tienda,B,31.99,30.67,1
534,Web,A,44.01,45.19,1
535,Web,A,33.62,37.66,1
536,Tienda,C,73.4,36.98,1
537,Tienda,B,44.5,32.16,1
538,Web,A,34.67,31.2,1
539,Tienda,A,60.86,32.11,1
540,Web,C,37.06,35.34,1
541,Tienda,A,37.0,27.01,1
542,Web,B,38.75,40.79,1
543,Tienda,B,55.58,33.35,1
544,Tienda,C,64.01,25.16,1
545,Tienda,A,40.29,33.9,1
546,Web,C,45.12,42.07,1
547,Tienda,C,97.5,28.57,1
548,Tienda,C,32.08,34.75,1
549,Web,A,43.13,53.97,0
550,Web,B,54.1,34.38,1
551,Web,C,34.26,35.69,1
552,Tienda,A,46.53,27.86,1
553,Web,A,41.58,46.94,1
554,Web,B,74.5,30.1,1
555,Web,A,82.5,44.7,0
556,Web,B,33.94,41.01,0
557,Tienda,B,59.06,38.92,1
558,Tienda,A,55.97,33.6,1
559,Tienda,C,45.57,25.12,1
560,Web,B,40.89,36.09,0
561,Web,C,51.45,38.56,1
562,Web,B,28.69,46.34,1
563,Tienda,A,62.43,42.52,1
564,Web,C,28.97,25.43,1
565,Web,A,50.13,42.01,1
566,Web,A,76.8,27.96,0
567,Web,A,54.85,45.17,1
568,Web,C,69.1,40.48,1
569,Tienda,A,41.92,33.87,0
570,Web,A,55.58,41.43,1
571,Web,A,85.32,35.74,1
572,Web,B,52.41,30.75,0
573,Web,C,68.41,36.12,0
574,Web,C,64.4,40.78,1
575,Web,B,38.0,24.97,0
576,Web,B,48.44,42.35,1
577,Tienda,A,28.01,32.84,0
578,Web,B,44.44,35.82,1
579,Tienda,C,51.36,28.53,1
580,Web,C,61.52,34.1,1
581,Web,A,22.08,35.2,0
582,Web,C,52.12,32.9,1
583,Tienda,A,50.95,37.41,1
584,Tienda,B,40.08,38.96,0
585,Web,B,52.74,33.44,1
586,Web,A,53.21,45.72,1
587,Web,C,62.63,24.51,1
588,Web,A,43.13,36.2,0
589,Web,A,48.96,27.65,1
590,Web,C,46.3,23.59,1
591,Web,B,36.2,30.9,1
592,Web,A,59.49,33.17,1
593,Web,C,33.16,35.34,1
594,Web,B,25.86,33.97,0
595,Web,A,43.27,47.11,0
596,Web,B,58.88,33.81,0
597,Web,B,63.0,41.34,1
598,Web,B,84.97,30.0,1
599,Web,A,65.54,54.63,1
600,Tienda,B,62.53,48.47,1
601,Web,C,50.63,24.17,1
602,Web,A,44.87,43.07,1
603,Tienda,B,43.33,32.71,1
604,Web,C,75.49,27.93,1
605,Web,C,27.03,41.22,1
606,Web,C,32.35,28.72,1
607,Web,C,63.19,30.25,1
608,Web,C,22.17,32.01,1
609,Web,A,50.6,38.05,1
610,Web,B,40.21,39.39,1
611,Tienda,A,112.4,39.42,1
612,Web,A,85.98,26.48,0
613,Tienda,A,65.61,38.24,1
614,Web,C,75.0,27.71,1
615,Tienda,B,64.51,31.1,1
616,Web,A,41.66,43.34,0
617,Tienda,B,64.92,31.07,1
618,Web,B,20.86,34.84,1
619,Web,A,39.68,44.61,1
620,Tienda,A,92.49,38.33,0
621,Tienda,C,33.98,29.11,1
622,Tienda,A,39.0,47.06,0
623,Web,B,64.37,34.57,1
624,Web,B,82.01,38.07,0
625,Web,C,50.77,32.62,1
626,Tienda,A,48.45,42.13,1
627,Tienda,A,60.23,38.07,1
628,Web,A,62.6,35.94,1
629,Tienda,A,45.96,39.82,1
630,Web,A,21.58,35.68,1
631,Web,A,127.06,31.38,1
632,Web,B,27.21,38.92,1
633,Tienda,B,77.98,32.23,0
634,Web,B,17.5,43.44,1
635,Tienda,C,60.43,25.95,1
636,Web,B,55.77,31.65,1
637,Web,C,58.4,29.31,1
638,Tienda,B,25.63,32.48,1
639,Tienda,A,74.94,34.01,0
640,Tienda,C,47.03,28.65,1
641,Tienda,C,49.09,24.96,1
642,Tienda,B,33.43,38.79,1
643,Tienda,C,103.38,28.41,1
644,Tienda,A,73.72,30.55,0
645,Web,A,41.02,51.71,1
646,Tienda,B,38.83,21.45,1
647,Web,B,55.96,33.16,1
648,Tienda,B,46.82,32.87,1
649,Web,B,37.88,40.79,1
650,Tienda,B,54.26,25.53,1
651,Web,A,61.92,40.05,1
652,Web,C,47.73,36.94,1
653,Web,C,49.86,37.76,1
654,Web,B,36.08,34.99,1
655,Web,B,69.02,41.55,0
656,Tienda,B,81.4,30.6,1
657,Web,B,35.26,50.78,1
658,Tienda,A,61.85,41.9,1
659,Web,C,36.21,41.83,1
660,Tienda,A,45.91,22.55,0
661,Web,C,27.63,34.74,1
662,Tienda,C,35.48,31.79,1
663,Web,C,39.03,37.15,1
664,Web,B,29.31,37.17,1
665,Web,B,61.07,29.71,1
666,Web,B,54.37,40.59,1
667,Web,B,52.79,45.3,1
668,Tienda,A,24.84,32.77,1
669,Tienda,A,40.43,34.22,1
670,Tienda,B,55.77,30.86,1
671,Tienda,A,45.67,38.46,1
672,Web,B,103.88,41.43,1
673,Web,C,52.33,37.3,1
674,Web,A,72.11,37.0,1
675,Web,C,79.93,32.17,1
676,Tienda,B,43.45,42.18,1
677,Tienda,B,42.02,35.64,0
678,Tienda,A,111.68,25.21,1
679,Tienda,A,36.2,31.4,0
680,Web,B,53.02,35.95,0
681,Tienda,A,76.99,37.04,1
682,Web,B,41.16,35.68,1
683,Web,B,33.56,37.51,1
684,Web,C,28.12,29.37,1
685,Web,B,66.94,44.32,0
686,Web,B,132.12,39.82,1
687,Tienda,A,68.01,37.02,0
688,Web,A,46.13,50.12,1
689,Web,A,30.03,41.86,1
690,Web,A,37.99,31.15,0
691,Tienda,C,38.98,28.02,1
692,Tienda,C,53.29,27.71,1
693,Tienda,B,67.65,24.2,1
694,Web,C,53.06,35.23,1
695,Web,C,31.82,21.71,0
696,Tienda,A,76.98,32.83,1
697,Tienda,A,42.78,45.07,1
698,Tienda,C,30.72,21.54,1
699,Web,B,75.56,30.4,1
700,Tienda,C,76.95,36.82,0
701,Web,B,96.35,36.25,1
702,Web,A,43.61,52.45,1
703,Web,B,75.36,38.96,1
704,Web,A,51.89,52.46,1
705,Web,B,43.23,50.64,1
706,Tienda,B,81.06,35.19,0
707,Web,C,34.07,39.53,1
708,Web,A,29.48,36.42,0
709,Tienda,A,58.88,31.66,1
710,Tienda,C,76.19,30.49,1
711,Web,B,51.08,30.47,1
712,Web,B,76.24,38.77,1
713,Web,C,73.1,26.97,1
714,Tienda,A,66.46,41.37,0
715,Web,B,47.88,32.52,1
716,Web,B,40.6,30.21,1
717,Web,C,32.54,35.21,1
718,Web,A,49.48,32.89,1
719,Web,B,61.09,34.42,1
720,Tienda,C,73.71,29.52,1
721,Tienda,A,50.96,55.21,1
722,Web,A,51.06,49.31,1
723,Tienda,A,82.22,47.77,1
724,Tienda,A,39.67,30.54,1
725,Tienda,B,61.23,42.18,0
726,Web,B,47.04,33.68,0
727,Web,C,36.55,38.8,1
728,Web,B,51.43,32.94,0
729,Tienda,B,50.91,33.22,1
730,Web,C,53.76,21.84,1
731,Web,B,24.97,41.08,1
732,Web,A,45.7,34.58,1
733,Tienda,A,81.07,37.82,1
734,Tienda,B,107.56,35.84,1
735,Web,A,43.74,30.6,1
736,Web,C,29.93,35.09,1
737,Tienda,B,33.15,33.0,1
738,Tienda,A,49.93,44.81,1
739,Tienda,C,90.99,37.08,0
740,Tienda,B,70.04,37.16,1
741,Web,C,28.2,21.06,1
742,Web,A,27.93,45.64,1
743,Web,C,61.27,32.94,1
744,Web,B,43.0,44.21,0
745,Tienda,C,32.59,40.6,1
746,Web,C,39.15,33.96,1
747,Web,C,63.17,39.94,1
748,Web,A,42.64,49.48,1
749,Tienda,C,62.04,37.2,1
750,Web,A,44.46,35.34,0
751,Web,C,21.95,42.33,0
752,Web,C,32.13,36.23,1
753,Web,C,32.55,12.59,0
754,Web,B,31.45,43.21,1
755,Web,B,33.35,44.76,1
756,Web,C,51.6,23.95,1
757,Web,B,36.83,31.79,1
758,Tienda,B,55.01,31.1,0
759,Web,C,46.37,29.78,1
760,Web,C,24.12,22.17,1
761,Tienda,B,55.56,18.86,0
762,Web,A,37.22,28.94,1
763,Web,A,36.01,39.36,1
764,Tienda,A,42.18,32.6,1
765,Tienda,A,47.99,43.97,1
766,Web,C,50.71,37.41,1
767,Tienda,B,52.49,43.05,1
768,Tienda,C,84.32,28.11,1
769,Web,C,50.84,38.64,1
770,Web,B,35.34,40.18,1
771,Tienda,B,48.13,39.78,0
772,Web,B,34.66,26.55,1
773,Web,B,53.31,33.81,1
774,Tienda,C,78.25,29.11,1
775,Tienda,C,54.48,36.38,1
776,Web,C,41.0,36.22,1
777,Web,A,95.25,50.12,0
778,Tienda,C,58.32,32.27,1
779,Web,C,56.77,24.19,1
780,Tienda,C,58.76,28.01,0
781,Web,B,52.02,44.04,1
782,Tienda,B,51.18,23.59,0
783,Tienda,C,35.19,27.15,1
784,Tienda,C,39.25,30.05,0
785,Web,A,25.31,33.72,1
786,Tienda,B,39.79,32.98,1
787,Web,B,44.46,35.33,0
788,Tienda,A,34.17,47.43,0
789,Web,B,65.8,45.24,1
790,Tienda,C,45.8,28.21,1
791,Web,B,108.22,35.62,1
792,Web,C,32.33,28.83,1
793,Web,A,44.98,48.81,1
794,Web,C,30.89,43.51,0
795,Web,B,30.48,38.39,1
796,Tienda,C,45.23,23.42,1
797,Tienda,B,35.47,23.97,1
798,Web,B,48.02,26.96,1
799,Web,B,48.22,39.91,1
800,Tienda,B,45.86,38.78,1
801,Web,C,127.89,41.71,1
802,Tienda,C,40.0,38.6,0
803,Web,B,45.39,38.38,1
804,Tienda,A,105.52,39.8,1
805,Tienda,C,52.33,35.06,1
806,Web,A,28.66,35.53,1
807,Tienda,B,50.48,36.42,1
808,Web,A,51.68,43.4,1
809,Web,A,49.94,47.72,1
810,Web,B,67.99,30.87,1
811,Tienda,A,65.61,42.8,1
812,Web,C,47.46,22.38,1
813,Web,A,68.42,29.26,1
814,Web,C,52.56,30.34,1
815,Web,C,23.42,41.37,1
816,Web,A,50.96,44.07,0
817,Tienda,C,58.89,31.88,1
818,Web,C,26.89,41.7,0
819,Tienda,C,47.49,26.18,1
820,Web,A,15.34,36.8,1
821,Tienda,A,41.95,43.21,1
822,Tienda,C,45.38,29.53,1
823,Tienda,B,42.54,40.78,1
824,Web,C,28.41,36.5,1
825,Web,B,52.32,39.68,1
826,Web,A,39.63,41.48,1
827,Tienda,A,34.34,34.4,0
828,Tienda,A,59.03,48.72,1
829,Tienda,C,65.19,30.9,1
830,Tienda,B,52.73,48.65,0
831,Web,B,47.4,33.44,1
832,Web,A,68.59,52.4,1
833,Tienda,C,66.95,33.25,0
834,Tienda,C,71.28,16.99,1
835,Web,A,43.77,38.1,1
836,Tienda,A,56.95,37.71,0
837,Web,A,47.59,45.39,1
838,Tienda,A,36.18,29.17,1
839,Tienda,C,53.0,37.14,0
840,Tienda,B,51.8,35.98,1
841,Tienda,C,73.53,33.58,1
842,Web,A,34.89,40.33,1
843,Web,B,63.91,34.93,1
844,Web,C,35.45,42.07,1
845,Web,A,53.24,27.49,0
846,Web,B,26.94,38.96,0
847,Web,C,70.63,30.32,1
848,Web,C,30.56,24.37,1
849,Web,A,55.75,39.64,0
850,Web,A,56.2,38.23,1
851,Tienda,B,74.45,32.3,1
852,Tienda,C,46.99,18.21,1
853,Web,C,32.65,36.24,1
854,Tienda,B,29.78,24.3,0
855,Web,C,42.11,29.83,0
856,Web,A,42.87,49.08,0
857,Web,B,104.59,37.39,1
858,Tienda,C,45.86,21.99,1
859,Web,B,23.34,33.87,1
860,Web,B,60.2,42.49,1
861,Web,A,55.56,35.51,1
862,Tienda,B,50.78,33.76,0
863,Web,C,68.61,37.94,1
864,Tienda,B,35.54,34.52,1
865,Tienda,C,70.65,30.51,1
866,Web,B,68.54,33.04,0
867,Tienda,A,71.78,34.0,1
868,Web,A,25.6,46.03,1
869,Web,A,30.91,41.93,1
870,Tienda,C,71.68,31.49,1
871,Web,A,32.67,34.96,1
872,Web,A,57.7,45.3,1
873,Web,C,24.64,36.39,1
874,Web,C,21.22,34.69,0
875,Web,B,46.61,43.5,1
876,Web,C,39.97,33.38,0
877,Web,A,33.34,39.35,0
878,Tienda,A,52.03,50.04,0
879,Web,B,61.78,41.52,1
880,Web,C,90.79,21.74,1
881,Web,A,48.36,51.33,1
882,Tienda,A,53.56,40.41,1
883,Web,B,60.65,39.97,1
884,Tienda,A,54.26,33.68,1
885,Web,A,47.9,42.31,0
886,Tienda,C,48.76,31.96,0
887,Tienda,C,43.76,25.37,1
888,Web,C,31.46,30.16,1
889,Web,B,17.79,43.96,1
890,Web,C,58.22,33.45,1
891,Tienda,B,40.76,42.18,1
892,Web,B,35.45,51.47,1
893,Web,C,57.1,33.0,1
894,Web,C,26.99,36.85,1
895,Tienda,A,47.29,33.17,1
896,Web,A,43.18,45.96,0
897,Web,C,91.04,39.84,1
898,Web,A,73.68,56.02,1
899,Web,B,31.56,53.27,1
900,Web,B,29.54,30.58,1
901,Web,C,33.23,29.66,0
902,Web,C,41.59,26.18,1
903,Tienda,A,62.21,28.1,0
904,Web,C,35.8,32.38,1
905,Web,C,39.62,47.1,1
906,Web,B,49.8,40.9,1
907,Tienda,A,40.0,33.94,1
908,Web,A,21.75,42.07,1
909,Web,A,25.57,33.44,1
910,Web,A,91.6,46.9,0
911,Web,C,44.31,32.14,1
912,Web,B,52.1,46.48,1
913,Tienda,A,89.05,36.85,0
914,Tienda,C,59.04,25.74,1
915,Web,C,57.91,47.81,1
916,Web,B,75.18,46.17,1
917,Tienda,A,32.01,24.43,1
918,Tienda,B,69.71,28.75,1
919,Tienda,C,51.47,28.54,0
920,Web,B,72.85,31.9,1
921,Tienda,B,49.08,27.04,1
922,Tienda,A,80.32,41.96,1
923,Tienda,B,109.31,41.11,1
924,Web,C,26.67,25.78,0
925,Web,C,31.74,40.16,1
926,Tienda,B,45.43,35.97,1
927,Tienda,C,95.23,38.8,1
928,Tienda,C,82.39,23.54,1
929,Tienda,A,57.5,28.02,0
930,Tienda,C,60.11,22.0,1
931,Web,B,44.41,42.05,1
932,Tienda,A,41.89,29.95,1
933,Web,C,56.3,33.35,0
934,Web,A,30.52,41.53,1
935,Tienda,C,51.73,38.14,0
936,Web,B,53.44,34.58,1
937,Web,C,59.21,25.84,1
938,Tienda,A,63.48,36.13,0
939,Web,B,37.65,49.78,1
940,Tienda,B,37.73,37.25,1
941,Web,B,53.52,38.85,1
942,Web,A,31.14,40.94,1
943,Tienda,C,62.55,21.08,1
944,Web,A,54.54,44.04,1
945,Web,C,30.96,26.81,1
946,Web,A,51.34,35.01,1
947,Web,C,52.07,26.56,0
948,Tienda,B,38.34,36.21,1
949,Web,A,52.07,36.39,1
950,Web,A,56.17,35.69,1
951,Web,A,58.64,33.64,1
952,Web,B,56.82,30.91,1
953,Web,A,57.91,38.68,0
954,Web,A,74.83,45.25,1
955,Web,B,89.7,43.21,1
956,Web,C,53.23,28.61,1
957,Web,B,44.2,35.9,1
958,Web,C,27.15,54.5,0
959,Web,A,29.12,51.16,1
960,Tienda,B,30.22,41.61,1
961,Web,B,50.6,28.34,1
962,Web,A,53.37,44.83,1
963,Tienda,B,51.44,24.22,1
964,Tienda,B,42.01,26.93,1
965,Tienda,A,30.41,37.19,1
966,Web,C,53.98,34.06,1
967,Web,A,26.99,30.52,1
968,Tienda,A,58.01,49.52,1
969,Web,C,40.18,38.15,1
970,Web,C,25.19,29.38,1
971,Web,A,35.22,39.09,1
972,Tienda,B,31.82,30.31,1
973,Web,B,41.87,36.15,1
974,Web,A,28.78,44.23,1
975,Web,C,71.56,29.71,1
976,Web,A,36.47,40.66,1
977,Tienda,B,61.81,40.04,0
978,Web,B,23.97,40.8,1
979,Web,C,47.6,32.69,1
980,Web,A,18.4,37.99,1
981,Web,C,28.39,39.49,0
982,Web,A,55.45,36.91,0
983,Web,A,27.91,34.91,1
984,Web,A,40.17,37.53,0
985,Tienda,C,34.1,40.8,1
986,Web,C,46.62,39.54,1
987,Web,A,87.03,33.98,1
988,Tienda,A,49.73,28.0,1
989,Web,C,22.31,32.53,1
990,Tienda,B,119.01,32.61,1
991,Web,A,33.82,41.26,1
992,Web,A,38.35,34.33,0
993,Web,B,48.13,27.55,1
994,Web,B,42.38,41.7,0
995,Tienda,C,57.26,32.24,0
996,Web,B,56.0,38.38,1
997,Tienda,B,98.95,34.68,1
998,Web,C,67.88,31.69,1
999,Web,A,62.81,45.74,0
1000,Web,A,70.22,41.73,1
1001,Web,C,100.34,36.25,1
1002,Tienda,A,26.13,42.82,1
1003,Web,B,33.22,35.53,1
1004,Web,A,30.31,26.12,0
1005,Web,C,62.26,36.12,1
1006,Tienda,C,43.54,18.47,1
1007,Web,A,38.84,43.7,1
1008,Tienda,C,59.52,13.54,1
1009,Web,B,41.31,41.45,1
1010,Web,B,45.79,33.18,1
1011,Web,B,31.48,40.2,1
1012,Web,A,38.67,30.78,1
1013,Web,A,67.39,42.05,0
1014,Web,B,103.88,30.07,0
1015,Tienda,A,41.44,31.0,1
1016,Tienda,B,48.77,43.42,1
1017,Web,A,68.97,44.78,1
1018,Web,B,28.4,38.08,0
1019,Web,A,51.73,45.71,1
1020,Web,A,53.55,31.5,1
1021,Tienda,B,47.66,32.66,1
1022,Tienda,B,53.55,38.64,1
1023,Tienda,B,78.98,32.83,1
1024,Web,A,41.29,42.18,1
1025,Web,C,50.54,31.91,0
1026,Web,A,55.65,50.92,1
1027,Web,A,37.97,42.72,0
1028,Web,C,45.21,32.24,1
1029,Tienda,A,56.52,38.39,1
1030,Web,B,44.03,35.27,1
1031,Web,A,30.49,43.87,1
1032,Tienda,C,56.91,23.82,1
1033,Tienda,C,37.35,30.71,1
1034,Web,C,65.62,36.57,1
1035,Web,A,17.67,31.28,1
1036,Tienda,C,44.46,37.15,1
1037,Tienda,A,64.73,43.65,0
1038,Web,B,28.01,31.6,1
1039,Web,B,81.91,29.29,1
1040,Web,C,40.85,33.61,1
1041,Web,A,28.5,42.73,1
1042,Web,C,56.34,32.0,1
1043,Web,B,46.99,42.29,0
1044,Web,A,34.51,47.51,1
1045,Web,B,56.88,32.12,1
1046,Tienda,B,43.54,16.0,0
1047,Web,A,102.73,27.37,1
1048,Web,C,52.29,28.2,0
1049,Tienda,A,31.33,45.13,1
1050,Web,C,26.36,31.76,1
1051,Web,A,24.22,38.77,0
1052,Tienda,B,72.06,33.71,0
1053,Tienda,C,66.03,34.97,1
1054,Web,B,25.63,39.69,1
1055,Web,C,32.1,37.06,0
1056,Web,A,35.83,44.5,1
1057,Web,C,27.71,41.03,0
1058,Web,A,50.0,28.69,1
1059,Tienda,B,52.88,21.03,0
1060,Web,B,57.5,36.74,1
1061,Web,A,50.23,34.81,1
1062,Web,B,62.9,37.37,1
1063,Web,B,112.16,36.53,1
1064,Tienda,C,31.8,34.19,0
1065,Web,C,51.96,50.57,1
1066,Tienda,A,75.61,34.42,0
1067,Tienda,C,46.32,38.31,1
1068,Tienda,A,101.64,40.22,1
1069,Web,B,48.67,40.1,0
1070,Web,A,51.12,47.26,1
1071,Tienda,C,75.21,41.35,1
1072,Web,B,58.22,44.71,1
1073,Web,A,60.07,46.85,1
1074,Tienda,B,73.27,31.98,1
1075,Web,B,27.08,38.18,1
1076,Web,C,37.21,29.78,0
1077,Tienda,B,31.88,38.75,1
1078,Web,A,59.01,40.59,1
1079,Tienda,B,66.36,43.9,1
1080,Tienda,A,55.34,43.19,1
1081,Web,B,28.14,33.85,1
1082,Web,A,48.9,38.09,0
1083,Tienda,A,75.09,31.48,1
1084,Web,A,24.57,38.73,1
1085,Tienda,C,96.39,33.73,1
1086,Web,C,75.01,40.05,1
1087,Web,C,36.43,25.24,1
1088,Web,B,100.87,30.32,0
1089,Web,A,53.59,42.0,1
1090,Tienda,A,33.83,44.31,1
1091,Tienda,A,39.02,49.2,0
1092,Web,C,36.23,41.92,1
1093,Web,B,61.24,33.38,0
1094,Web,A,101.77,42.21,1
1095,Web,C,22.77,37.48,1
1096,Web,C,60.47,47.11,0
1097,Web,C,70.21,35.45,0
1098,Web,C,60.65,46.38,0
1099,Tienda,C,102.99,33.78,0
1100,Web,C,77.79,38.65,1
1101,Tienda,B,43.53,49.18,0
1102,Web,A,69.61,36.43,1
1103,Web,B,53.34,38.53,1
1104,Tienda,B,53.05,41.3,1
1105,Tienda,B,55.51,37.4,1
1106,Web,C,43.51,27.75,1
1107,Web,B,25.7,51.02,1
1108,Web,B,63.51,43.36,0
1109,Tienda,A,34.61,40.22,1
1110,Tienda,A,49.41,24.37,1
1111,Web,A,87.48,35.02,1
1112,Web,A,44.07,50.5,0
1113,Web,B,91.15,35.95,1
1114,Web,A,46.04,42.5,1
1115,Tienda,A,63.31,41.0,0
1116,Tienda,C,67.17,22.68,1
1117,Tienda,C,88.9,18.46,1
1118,Tienda,C,71.22,33.72,1
1119,Web,C,28.08,45.64,1
1120,Web,C,34.37,38.85,1
1121,Web,C,38.84,29.62,1
1122,Web,A,62.06,34.67,1
1123,Web,A,40.67,46.12,1
1124,Web,C,51.96,32.87,1
1125,Tienda,B,54.23,30.61,1
1126,Web,B,66.14,38.49,0
1127,Tienda,C,61.57,28.01,1
1128,Web,A,44.9,40.62,1
1129,Web,B,35.29,51.12,1
1130,Web,B,39.35,34.6,1
1131,Web,C,33.39,31.88,0
1132,Web,C,36.48,28.57,0
1133,Web,A,91.65,42.34,1
1134,Web,C,61.28,37.84,1
1135,Web,C,27.47,40.88,1
1136,Web,C,34.93,46.37,1
1137,Tienda,B,65.23,31.84,0
1138,Tienda,B,28.0,32.74,1
1139,Web,A,38.22,47.26,1
1140,Tienda,C,96.14,33.9,1
1141,Tienda,A,39.45,34.41,1
1142,Tienda,B,68.06,37.46,0
1143,Web,A,47.59,39.41,1
1144,Web,A,49.47,26.8,0
1145,Web,B,25.07,32.1,1
1146,Tienda,C,59.45,30.47,1
1147,Web,C,38.77,25.94,1
1148,Web,C,63.02,38.13,0
1149,Web,A,48.54,41.49,0
1150,Web,B,54.28,31.28,1
1151,Web,B,24.09,31.19,1
1152,Web,C,48.47,44.52,1
1153,Tienda,B,55.74,35.32,1
1154,Web,C,15.7,33.72,1
1155,Tienda,A,44.55,34.16,1
1156,Web,C,71.77,34.39,1
1157,Tienda,C,133.64,23.02,1
1158,Web,A,30.6,39.44,0
1159,Tienda,C,58.34,21.99,0
1160,Tienda,B,53.49,13.95,1
1161,Web,B,38.67,40.9,1
1162,Web,C,38.26,35.85,1
1163,Tienda,A,55.61,36.24,1
1164,Tienda,C,37.0,32.13,1
1165,Web,C,28.91,32.84,1
1166,Web,A,27.22,47.74,1
1167,Tienda,B,67.81,22.83,0
1168,Tienda,A,65.72,42.42,0
1169,Web,A,84.64,47.91,1
1170,Web,C,55.01,34.87,1
1171,Web,C,42.47,34.69,0
1172,Web,A,22.75,45.23,0
1173,Tienda,C,30.96,29.47,0
1174,Web,A,93.25,49.28,1
1175,Web,C,49.98,36.71,1
1176,Tienda,C,34.69,34.91,1
1177,Web,B,57.25,42.43,1
1178,Web,C,100.95,40.65,1
1179,Web,B,28.82,42.42,1
1180,Web,C,42.07,38.69,1
1181,Tienda,B,38.72,37.06,1
1182,Tienda,B,66.23,44.43,1
1183,Web,A,44.44,36.72,0
1184,Tienda,C,72.2,44.9,0
1185,Tienda,B,101.11,34.42,1
1186,Web,A,59.43,37.12,1
1187,Tienda,B,56.94,24.09,0
1188,Tienda,B,41.63,36.03,1
1189,Web,C,36.26,34.06,1
1190,Tienda,B,119.64,34.54,0
1191,Web,A,43.24,37.27,1
1192,Web,A,35.04,37.87,1
1193,Web,A,33.99,39.53,1
1194,Web,A,41.31,48.47,0
1195,Web,C,57.77,40.31,1
1196,Web,A,59.19,41.34,1
1197,Web,C,22.88,16.33,1
1198,Tienda,C,65.5,38.5,1
1199,Web,C,28.81,28.15,1
1200,Web,B,47.01,34.44,1
1201,Web,A,44.05,41.27,1
1202,Tienda,C,30.59,38.46,1
1203,Web,B,37.57,46.93,0
1204,Tienda,A,70.51,24.51,1
1205,Web,B,55.51,40.5,1
1206,Web,C,26.43,43.12,1
1207,Web,A,30.38,23.85,1
1208,Tienda,A,87.36,27.3,0
1209,Web,B,42.84,32.76,0
1210,Web,A,63.39,29.92,1
1211,Web,C,61.2,27.47,1
1212,Web,A,53.22,42.93,1
1213,Web,C,49.66,37.19,1
1214,Tienda,A,48.01,27.86,1
1215,Web,C,33.4,32.14,1
1216,Web,B,37.69,32.76,0
1217,Web,C,48.56,39.54,1
1218,Web,B,26.09,41.1,1
1219,Tienda,C,56.02,41.05,1
1220,Web,A,50.97,31.12,0
1221,Tienda,B,46.42,30.85,0
1222,Web,A,53.39,29.6,1
1223,Web,B,144.01,35.39,1
1224,Tienda,B,41.83,20.89,0
1225,Web,B,39.75,40.62,1
1226,Tienda,A,83.15,32.02,0
1227,Web,C,58.71,27.24,1
1228,Web,A,32.97,31.58,1
1229,Web,B,70.78,45.17,1
1230,Web,B,33.69,40.21,1
1231,Web,B,50.01,37.73,1
1232,Web,A,77.31,41.39,1
1233,Web,C,42.95,39.27,0
1234,Web,A,84.69,36.68,0
1235,Web,B,57.63,34.9,0
1236,Web,C,72.28,31.7,1
1237,Tienda,C,50.94,31.23,0
1238,Tienda,B,44.22,27.01,1
1239,Web,C,33.15,27.65,1
1240,Tienda,B,64.87,31.95,1
1241,Web,C,40.39,31.11,0
1242,Tienda,C,58.35,42.71,1
1243,Web,B,34.73,33.98,1
1244,Tienda,C,23.42,20.34,1
1245,Web,C,62.11,29.55,1
1246,Web,A,50.06,29.28,1
1247,Tienda,B,39.4,29.93,1
1248,Web,B,74.51,45.92,1
1249,Web,B,101.55,30.83,1
1250,Web,C,30.55,38.49,1
1251,Tienda,B,52.49,27.43,1
1252,Web,C,65.34,37.66,1
1253,Tienda,B,48.42,38.39,1
1254,Tienda,B,57.89,44.56,1
1255,Web,A,83.99,44.39,0
1256,Web,C,45.36,35.11,1
1257,Tienda,B,26.71,45.18,1
1258,Web,B,26.44,23.88,1
1259,Web,C,19.57,36.6,1
1260,Tienda,B,36.7,44.66,0
1261,Tienda,C,71.7,25.12,0
1262,Web,B,32.54,29.09,1
1263,Tienda,B,61.64,38.01,0
1264,Tienda,C,53.39,21.87,1
1265,Web,C,41.89,35.26,1
1266,Web,A,44.86,39.27,1
1267,Web,A,33.3,44.4,0
1268,Web,C,45.66,27.69,1
1269,Tienda,C,75.15,39.96,0
1270,Web,C,39.28,29.45,1
1271,Web,C,70.25,26.29,1
1272,Tienda,A,59.43,41.47,1
1273,Web,A,57.86,46.94,0
1274,Web,A,60.19,33.23,0
1275,Web,C,48.05,48.29,1
1276,Web,A,64.8,34.63,1
1277,Web,C,32.95,23.14,1
1278,Web,C,27.07,49.61,1
1279,Web,A,81.48,39.49,0
1280,Tienda,B,75.0,36.81,1
1281,Web,A,56.59,45.19,1
1282,Tienda,A,46.52,33.48,1
1283,Web,A,29.67,39.87,0
1284,Tienda,A,74.11,32.86,1
1285,Web,A,45.87,52.17,1
1286,Tienda,B,60.38,37.69,1
1287,Web,C,49.53,34.36,1
1288,Web,B,55.94,37.34,0
1289,Web,B,41.1,42.5,1
1290,Tienda,B,38.93,32.32,1
1291,Web,B,50.32,32.03,1
1292,Web,B,54.13,26.43,1
1293,Web,B,67.39,21.91,1
1294,Web,C,26.9,39.43,0
1295,Web,C,42.61,27.12,1
1296,Web,C,43.93,35.5,1
1297,Web,A,65.94,47.79,1
1298,Web,A,48.88,28.66,1
1299,Web,C,40.03,40.66,0
1300,Web,C,26.54,25.29,1
1301,Web,A,33.77,42.96,0
1302,Web,C,69.85,22.76,1
1303,Web,A,36.15,41.5,0
1304,Tienda,C,66.93,26.99,1
1305,Web,A,30.2,28.58,0
1306,Tienda,B,98.28,22.96,1
1307,Web,A,54.27,44.68,0
1308,Tienda,B,67.41,34.5,1
1309,Tienda,C,80.52,27.44,1
1310,Web,A,65.88,44.59,0
1311,Web,B,48.14,41.49,1
1312,Web,B,43.03,38.55,1
1313,Web,B,52.2,39.56,1
1314,Web,A,22.63,30.04,1
1315,Web,A,121.8,47.03,0
1316,Web,A,51.53,36.85,1
1317,Web,C,50.23,35.67,1
1318,Tienda,A,82.2,37.74,1
1319,Web,C,68.14,38.83,1
1320,Web,C,40.15,35.72,1
1321,Web,B,50.15,37.19,1
1322,Tienda,B,37.93,37.53,1
1323,Web,B,51.82,35.54,1
1324,Web,C,56.4,36.62,1
1325,Web,B,51.81,31.09,0
1326,Web,A,32.13,39.19,1
1327,Web,C,44.58,37.03,1
1328,Web,B,54.71,45.82,0
1329,Web,A,54.12,39.71,1
1330,Tienda,B,53.5,32.38,1
1331,Web,A,98.62,41.08,1
1332,Tienda,B,36.0,39.63,1
1333,Web,C,42.99,44.9,1
1334,Web,C,87.14,24.71,1
1335,Tienda,C,32.09,19.65,1
1336,Web,C,59.52,38.19,1
1337,Web,A,55.56,38.37,0
1338,Web,A,62.63,34.88,1
1339,Web,C,28.12,30.16,0
1340,Web,C,19.69,30.97,1
1341,Web,B,77.32,33.81,0
1342,Tienda,A,54.24,31.48,1
1343,Web,C,61.82,27.93,1
1344,Web,C,53.69,35.57,1
1345,Web,B,47.6,29.85,1
1346,Web,A,62.26,36.68,1
1347,Web,C,44.84,22.59,0
1348,Web,A,30.17,46.49,1
1349,Web,A,44.5,35.82,1
1350,Web,B,27.2,33.87,1
1351,Tienda,A,54.59,21.63,1
1352,Web,B,31.19,44.52,1
1353,Web,B,91.45,41.55,0
1354,Tienda,C,44.59,24.07,0
1355,Tienda,B,73.9,43.67,1
1356,Web,A,57.12,32.81,1
1357,Tienda,B,84.48,28.95,1
1358,Web,B,35.02,53.24,1
1359,Web,B,24.51,36.75,1
1360,Web,C,56.56,33.14,1
1361,Web,C,57.79,34.63,0
1362,Tienda,C,44.19,24.58,1
1363,Web,C,46.48,32.48,1
1364,Tienda,A,49.37,38.1,0
1365,Web,A,27.28,30.88,1
1366,Tienda,C,65.14,20.79,1
1367,Web,B,70.23,33.69,1
1368,Web,B,30.0,39.52,1
1369,Web,B,45.37,42.29,1
1370,Web,A,53.88,45.7,1
1371,Web,A,21.38,32.03,1
1372,Tienda,A,61.68,34.13,0
1373,Web,C,67.15,40.92,1
1374,Tienda,C,68.17,35.28,1
1375,Web,B,59.48,32.57,0
1376,Tienda,B,36.12,36.69,1
1377,Tienda,C,55.48,25.23,1
1378,Web,B,75.93,38.37,1
1379,Web,A,57.93,50.92,1
1380,Web,A,24.15,25.71,1
1381,Web,A,27.84,54.46,1
1382,Web,C,21.64,41.84,1
1383,Web,A,53.04,39.84,1
1384,Web,B,67.28,42.76,1
1385,Tienda,C,45.15,39.34,1
1386,Web,C,56.38,39.37,1
1387,Tienda,B,57.19,32.61,0
1388,Web,A,83.58,33.38,0
1389,Web,A,52.15,53.08,1
1390,Web,A,29.13,47.04,1
1391,Web,B,33.53,35.79,1
1392,Web,C,16.96,29.84,1
1393,Web,A,33.55,37.03,1
1394,Tienda,A,76.55,41.57,1
1395,Web,C,56.67,37.58,1
1396,Tienda,C,70.71,32.03,1
1397,Tienda,A,39.6,28.17,0
1398,Web,B,37.68,44.17,1
1399,Tienda,B,70.82,32.63,0
1400,Tienda,C,42.16,28.11,0
1401,Web,A,26.7,40.66,0
1402,Tienda,B,36.38,41.22,1
1403,Tienda,B,45.17,33.79,1
1404,Tienda,A,64.68,51.15,0
1405,Tienda,A,68.84,40.35,1
1406,Web,B,68.1,43.55,0
1407,Web,B,82.72,44.29,1
1408,Tienda,B,73.38,45.09,0
1409,Tienda,A,96.32,39.38,1
1410,Tienda,A,63.59,36.23,1
1411,Web,C,53.79,33.91,1
1412,Web,A,46.8,47.21,0
1413,Web,B,38.69,33.14,1
1414,Web,C,36.2,24.33,1
1415,Tienda,C,71.6,26.44,1
1416,Web,C,76.67,33.75,1
1417,Web,C,31.28,40.35,1
1418,Web,A,29.98,45.93,0
1419,Web,A,54.49,42.75,1
1420,Web,C,31.34,33.01,1
1421,Web,C,14.47,32.57,1
1422,Web,A,42.05,49.65,1
1423,Tienda,B,59.96,38.35,1
1424,Tienda,C,46.92,31.53,1
1425,Tienda,B,41.94,24.7,1
1426,Web,A,42.73,42.55,1
1427,Web,A,15.6,39.04,0
1428,Tienda,B,68.54,32.05,1
1429,Tienda,A,60.46,39.41,1
1430,Web,B,85.35,46.77,0
1431,Tienda,B,88.11,40.5,0
1432,Tienda,A,58.79,35.95,1
1433,Web,C,22.71,41.36,1
1434,Tienda,A,58.42,27.96,0
1435,Web,A,48.2,34.48,1
1436,Web,A,48.45,39.73,0
1437,Tienda,A,30.38,30.67,1
1438,Web,C,55.02,26.89,1
1439,Web,C,34.87,28.86,1
1440,Web,A,37.83,33.81,1
1441,Tienda,B,62.95,33.48,0
1442,Tienda,B,48.34,42.74,1
1443,Web,B,26.65,32.49,1
1444,Tienda,A,59.03,31.87,0
1445,Web,B,60.83,24.0,1
1446,Tienda,C,44.02,17.87,0
1447,Tienda,C,65.07,36.41,1
1448,Web,B,55.79,33.5,1
1449,Web,B,47.29,52.21,0
1450,Tienda,A,33.93,37.11,1
1451,Tienda,A,29.14,45.57,0
1452,Web,A,44.08,36.24,0
1453,Web,C,28.15,34.68,1
1454,Web,A,28.55,30.84,1
1455,Web,A,56.45,30.34,1
1456,Web,B,39.4,51.73,1
1457,Web,A,66.5,31.42,0
1458,Tienda,C,63.8,40.6,1
1459,Web,A,38.68,26.6,1
1460,Web,C,39.85,36.53,1
1461,Web,A,33.86,44.17,1
1462,Web,A,56.56,47.7,0
1463,Web,A,52.57,46.64,1
1464,Web,C,58.7,27.82,0
1465,Web,A,62.15,47.17,0
1466,Tienda,B,56.12,33.27,1
1467,Tienda,C,42.37,31.19,1
1468,Web,C,52.48,31.43,1
1469,Tienda,B,27.04,39.86,1
1470,Web,A,48.32,35.1,1
1471,Web,A,31.01,54.99,0
1472,Tienda,C,56.22,40.26,1
1473,Web,B,68.43,39.48,1
1474,Web,A,75.17,41.19,1
1475,Web,B,46.75,46.31,0
1476,Tienda,C,42.45,35.93,1
1477,Tienda,C,30.96,33.95,1
1478,Tienda,B,39.77,29.94,1
1479,Tienda,C,35.87,37.28,0
1480,Tienda,C,24.62,29.49,1
1481,Tienda,A,67.64,35.73,1
1482,Web,B,44.21,42.69,1
1483,Web,A,28.81,41.58,1
1484,Tienda,B,44.26,45.68,1
1485,Tienda,C,61.85,18.09,1
1486,Web,C,35.87,37.84,0
1487,Web,B,87.5,30.78,0
1488,Tienda,C,39.95,17.2,1
1489,Web,A,93.23,46.03,1
1490,Web,C,54.83,23.27,1
1491,Web,C,69.99,47.14,1
1492,Web,B,79.77,35.78,1
1493,Tienda,C,81.29,35.41,1
1494,Web,A,32.31,28.47,1
1495,Tienda,A,58.44,26.39,1
1496,Tienda,A,27.62,44.3,1
1497,Web,A,38.08,42.6,1
1498,Web,A,40.04,42.95,0
1499,Tienda,B,77.65,46.92,1
1500,Web,B,57.69,36.26,1
1501,Tienda,A,43.68,50.45,1
1502,Tienda,C,46.74,22.06,1
1503,Tienda,C,56.75,28.43,1
1504,Tienda,B,48.94,54.98,1
1505,Tienda,B,51.04,46.21,1
1506,Web,A,32.69,34.51,0
1507,Web,C,51.28,47.74,1
1508,Tienda,C,84.41,24.13,1
1509,Web,A,91.44,34.41,0
1510,Web,A,24.68,36.79,1
1511,Tienda,B,53.81,33.66,1
1512,Tienda,C,46.66,25.72,1
1513,Tienda,C,42.89,24.1,1
1514,Web,A,46.34,43.9,0
1515,Tienda,C,48.11,27.52,1
1516,Web,B,61.26,42.11,1
1517,Web,C,83.35,27.74,1
1518,Web,C,33.93,35.87,1
1519,Tienda,A,76.5,45.74,0
1520,Tienda,C,72.25,23.34,1
1521,Web,C,12.58,31.91,1
1522,Web,C,37.96,41.04,1
1523,Tienda,C,86.05,35.95,1
1524,Web,C,45.15,40.92,1
1525,Tienda,A,28.14,34.92,1
1526,Web,A,39.13,40.99,1
1527,Web,B,60.23,37.53,0
1528,Tienda,A,34.28,50.81,1
1529,Web,B,47.3,36.52,1
1530,Web,A,92.51,38.16,1
1531,Tienda,A,41.54,46.27,1
1532,Web,A,82.52,40.57,1
1533,Web,A,24.41,38.03,1
1534,Web,B,99.94,24.52,1
1535,Web,A,26.34,54.59,1
1536,Web,A,30.59,38.79,1
1537,Web,C,34.0,36.02,1
1538,Tienda,A,59.3,31.22,1
1539,Web,A,45.49,37.83,1
1540,Web,A,43.81,40.07,1
1541,Web,C,39.97,33.39,1
1542,Web,C,91.26,32.04,1
1543,Web,C,33.04,41.44,1
1544,Web,B,23.18,34.12,1
1545,Web,C,56.79,35.64,1
1546,Tienda,A,104.91,45.85,1
1547,Web,C,34.03,32.13,1
1548,Tienda,A,39.52,44.8,1
1549,Web,B,71.55,33.95,1
1550,Web,A,39.74,47.67,1
1551,Web,A,28.01,46.25,1
1552,Tienda,B,42.57,33.68,0
1553,Web,A,45.31,43.03,1
1554,Web,B,46.23,34.75,1
1555,Web,C,38.67,16.64,1
1556,Web,A,48.8,42.71,1
1557,Web,C,35.28,33.4,1
1558,Web,B,28.76,37.44,1
1559,Tienda,B,40.02,36.25,1
1560,Tienda,B,66.06,36.89,1
1561,Web,A,36.91,37.89,1
1562,Web,A,57.11,42.35,0
1563,Tienda,B,34.63,40.14,1
1564,Web,C,47.31,30.88,1
1565,Web,C,102.27,25.54,1
1566,Tienda,C,56.29,29.79,0
1567,Web,C,54.73,37.02,1
1568,Tienda,A,98.31,37.79,1
1569,Web,A,51.23,47.6,0
1570,Web,C,63.49,42.41,1
1571,Web,B,43.99,44.99,1
1572,Web,B,47.43,38.46,0
1573,Tienda,B,56.08,35.95,1
1574,Tienda,B,63.53,34.17,1
1575,Tienda,B,63.12,33.52,1
1576,Web,B,32.94,38.43,1
1577,Web,B,39.35,37.85,0
1578,Web,B,45.61,33.53,1
1579,Web,B,86.16,35.36,1
1580,Web,A,26.64,44.16,1
1581,Tienda,A,34.18,26.64,1
1582,Web,B,38.17,32.58,0
1583,Web,C,35.43,34.16,1
1584,Tienda,B,51.82,26.54,1
1585,Tienda,A,70.85,42.69,0
1586,Web,A,40.53,42.32,1
1587,Web,A,31.05,45.08,0
1588,Web,B,31.21,37.0,0
1589,Web,B,39.19,46.17,1
1590,Web,C,22.39,12.64,0
1591,Web,A,40.34,37.29,0
1592,Web,A,50.64,44.5,1
1593,Tienda,A,82.22,45.16,1
1594,Web,A,50.42,47.08,1
1595,Web,B,67.22,47.38,1
1596,Web,A,47.86,33.73,0
1597,Web,C,99.91,32.97,1
1598,Web,C,57.2,32.0,1
1599,Tienda,A,30.22,45.56,1
1600,Web,B,32.39,41.21,0
1601,Web,A,24.64,47.73,1
1602,Web,A,62.41,51.01,1
1603,Web,B,43.07,46.15,1
1604,Web,C,64.88,41.77,1
1605,Web,B,19.03,33.9,1
1606,Tienda,C,94.29,31.68,1
1607,Web,A,35.55,36.42,0
1608,Web,A,75.57,31.48,1
1609,Tienda,A,58.06,48.9,1
1610,Web,C,65.8,46.57,1
1611,Tienda,A,63.47,42.24,1
1612,Tienda,C,69.87,26.77,1
1613,Tienda,C,41.2,42.88,1
1614,Web,B,40.96,48.32,1
1615,Web,C,55.17,33.33,1
1616,Tienda,C,67.24,38.65,0
1617,Web,C,55.55,50.69,0
1618,Tienda,A,41.22,49.24,0
1619,Tienda,B,74.09,26.72,1
1620,Web,B,95.6,37.86,0
1621,Web,B,46.29,30.66,1
1622,Tienda,B,48.75,43.53,1
1623,Web,B,21.65,38.04,0
1624,Web,B,79.68,30.77,0
1625,Web,A,68.76,37.78,1
1626,Web,C,36.12,39.47,0
1627,Web,B,34.02,32.89,1
1628,Tienda,C,64.88,35.28,1
1629,Tienda,A,46.63,40.32,1
1630,Tienda,B,47.63,33.42,0
1631,Web,B,24.8,43.85,1
1632,Web,A,37.55,32.4,0
1633,Web,C,38.38,28.53,1
1634,Tienda,C,56.76,39.41,1
1635,Tienda,A,47.67,36.4,0
1636,Tienda,A,41.48,37.33,0
1637,Web,C,31.97,27.21,1
1638,Tienda,C,33.35,34.8,1
1639,Web,B,33.43,30.8,1
1640,Web,B,68.47,44.37,1
1641,Web,C,43.22,30.7,1
1642,Tienda,C,72.39,26.11,1
1643,Web,A,47.91,56.7,1
1644,Tienda,B,62.7,31.4,1
1645,Web,B,68.37,37.78,1
1646,Tienda,A,73.69,38.46,0
1647,Web,C,55.4,39.83,1
1648,Tienda,C,31.87,29.36,1
1649,Tienda,A,63.43,41.5,0
1650,Tienda,A,91.75,38.66,1
1651,Tienda,A,55.35,33.17,1
1652,Web,C,62.92,47.48,1
1653,Tienda,A,106.76,44.12,1
1654,Web,B,32.89,42.54,1
1655,Tienda,B,41.11,35.56,1
1656,Web,C,65.48,36.28,1
1657,Web,C,46.58,17.85,1
1658,Web,A,52.05,43.74,1
1659,Web,A,36.29,38.19,1
1660,Tienda,A,38.14,40.88,1
1661,Web,B,35.09,31.78,1
1662,Tienda,B,49.14,35.73,1
1663,Tienda,C,49.86,36.35,1
1664,Tienda,A,44.02,40.71,0
1665,Web,B,57.74,35.56,1
1666,Web,B,59.45,37.05,0
1667,Web,A,71.14,32.87,1
1668,Tienda,B,32.94,42.64,1
1669,Web,C,38.4,40.58,1
1670,Web,B,24.2,34.45,1
1671,Tienda,C,61.88,28.37,0
1672,Tienda,B,70.44,41.9,1
1673,Web,C,84.03,49.14,1
1674,Web,C,89.26,48.38,0
1675,Tienda,C,45.23,31.24,0
1676,Web,C,90.23,28.49,1
1677,Tienda,A,73.7,45.92,1
1678,Tienda,B,65.57,35.17,1
1679,Tienda,C,35.77,27.84,1
1680,Web,A,32.83,28.99,1
1681,Tienda,C,29.5,26.61,1
1682,Web,A,31.29,46.9,0
1683,Web,A,52.14,46.67,1
1684,Web,A,38.54,35.22,1
1685,Web,B,63.53,27.85,0
1686,Web,A,55.37,35.75,1
1687,Web,A,35.44,35.39,1
1688,Web,B,39.54,15.74,1
1689,Tienda,A,46.42,35.22,1
1690,Web,C,30.35,29.68,1
1691,Web,C,60.06,23.95,1
1692,Tienda,C,87.04,36.51,1
1693,Web,A,25.32,41.16,1
1694,Web,C,37.92,27.18,1
1695,Tienda,C,66.57,23.18,0
1696,Web,A,120.87,54.35,1
1697,Web,C,44.16,36.26,0
1698,Web,C,29.95,34.6,1
1699,Tienda,A,55.62,38.72,1
1700,Tienda,C,39.99,35.22,1
1701,Web,B,49.31,36.16,1
1702,Web,B,44.48,44.35,0
1703,Tienda,B,37.88,19.74,1
1704,Web,B,28.67,26.37,1
1705,Tienda,A,79.03,33.0,1
1706,Web,A,41.82,45.54,0
1707,Web,C,75.39,34.27,1
1708,Web,C,58.61,32.99,1
1709,Web,A,94.11,37.86,1
1710,Web,A,92.81,49.15,0
1711,Web,A,49.8,35.19,1
1712,Web,A,64.06,30.66,1
1713,Web,A,42.69,42.51,1
1714,Web,A,35.16,35.04,1
1715,Tienda,B,49.01,28.92,0
1716,Web,C,17.94,32.55,1
1717,Tienda,B,71.94,33.15,0
1718,Web,A,26.54,56.15,1
1719,Tienda,C,74.07,18.97,1
1720,Web,B,23.49,32.04,1
1721,Web,B,33.38,28.88,1
1722,Web,B,50.32,37.91,1
1723,Tienda,A,59.88,24.48,1
1724,Tienda,B,46.53,22.14,1
1725,Web,A,60.63,39.71,1
1726,Web,B,145.84,35.05,1
1727,Web,A,26.88,43.48,0
1728,Web,B,40.88,49.83,1
1729,Web,B,36.05,33.02,1
1730,Web,C,39.74,32.52,0
1731,Web,A,36.09,50.98,1
1732,Web,B,26.54,36.19,1
1733,Web,B,36.59,33.86,1
1734,Web,C,178.97,39.02,1
1735,Web,B,29.92,42.4,0
1736,Tienda,C,74.7,31.21,1
1737,Tienda,A,66.93,33.45,0
1738,Web,B,36.64,51.28,1
1739,Web,A,43.38,47.72,0
1740,Web,C,33.61,38.66,1
1741,Web,B,38.15,31.4,0
1742,Web,C,28.55,31.3,1
1743,Web,A,32.66,47.61,0
1744,Web,B,32.8,41.21,1
1745,Tienda,C,35.02,25.52,1
1746,Web,B,37.67,33.68,0
1747,Web,A,46.43,32.62,0
1748,Web,C,39.33,28.3,0
1749,Web,A,33.03,44.33,1
1750,Tienda,B,93.27,40.99,1
1751,Tienda,B,64.35,40.8,0
1752,Web,B,21.87,25.18,1
1753,Web,A,42.28,49.24,1
1754,Web,B,43.74,42.91,1
1755,Web,B,128.76,27.1,1
1756,Web,A,20.17,41.47,1
1757,Tienda,A,86.45,45.84,1
1758,Tienda,A,34.7,36.84,1
1759,Web,C,47.17,47.78,1
1760,Web,B,56.09,39.41,0
1761,Web,A,69.81,44.32,1
1762,Web,C,50.05,35.67,1
1763,Web,A,31.71,28.8,0
1764,Tienda,C,42.69,27.2,1
1765,Tienda,A,39.14,37.18,0
1766,Web,A,36.46,41.75,1
1767,Web,A,55.45,42.1,1
1768,Tienda,A,110.75,32.35,1
1769,Web,B,84.84,39.8,1
1770,Web,B,32.06,22.48,1
1771,Web,A,48.7,38.64,1
1772,Web,A,54.22,45.7,1
1773,Web,A,33.69,45.19,1
1774,Web,A,54.28,53.16,0
1775,Web,B,40.98,44.85,0
1776,Web,B,30.51,36.25,1
1777,Tienda,B,49.46,36.68,1
1778,Web,C,91.18,40.9,1
1779,Web,B,48.43,32.83,1
1780,Tienda,A,61.0,36.05,1
1781,Web,A,57.14,41.84,0
1782,Tienda,B,63.78,33.36,0
1783,Tienda,A,40.6,50.07,1
1784,Tienda,B,94.62,33.97,1
1785,Web,B,38.56,32.69,0
1786,Tienda,B,27.36,42.95,0
1787,Tienda,A,40.58,39.94,1
1788,Web,A,72.34,30.48,1
1789,Web,C,48.18,28.28,1
1790,Tienda,A,92.36,32.78,1
1791,Web,B,55.75,30.56,0
1792,Web,A,67.83,43.84,1
1793,Web,C,52.86,21.32,1
1794,Web,A,63.28,47.12,0
1795,Web,C,26.48,25.01,1
1796,Tienda,C,45.74,26.73,1
1797,Web,A,63.86,46.88,1
1798,Web,B,19.36,25.27,1
1799,Web,B,95.48,35.49,1
1800,Web,B,63.39,37.97,1
1801,Web,B,25.32,34.37,1
1802,Web,A,50.32,38.79,1
1803,Web,A,32.12,40.23,1
1804,Web,A,70.87,24.34,1
1805,Web,B,43.81,47.48,1
1806,Web,A,40.7,48.5,1
1807,Web,B,94.84,35.94,0
1808,Web,C,31.27,37.16,1
1809,Web,C,32.01,43.69,1
1810,Web,B,76.5,38.53,1
1811,Tienda,B,52.53,30.2,0
1812,Web,C,39.94,30.65,1
1813,Web,B,59.05,30.26,1
1814,Tienda,B,46.23,28.96,1
1815,Web,B,27.39,32.42,1
1816,Web,C,68.1,37.89,1
1817,Tienda,B,88.54,40.72,1
1818,Web,A,30.48,47.58,1
1819,Tienda,C,104.74,27.13,1
1820,Web,A,26.98,42.04,1
1821,Tienda,C,25.19,28.29,1
1822,Web,B,55.02,36.26,1
1823,Web,C,33.13,36.54,1
1824,Web,A,34.43,45.11,1
1825,Web,B,54.44,34.47,0
1826,Web,A,76.34,45.1,1
1827,Tienda,A,30.57,33.52,1
1828,Tienda,A,116.88,39.02,1
1829,Tienda,A,42.12,48.51,0
1830,Web,A,31.71,50.37,1
1831,Web,B,55.28,44.35,1
1832,Web,B,72.09,47.08,1
1833,Web,A,38.51,49.86,1
1834,Tienda,B,40.27,29.38,1
1835,Web,B,37.01,21.95,1
1836,Web,C,46.32,31.73,1
1837,Web,C,75.42,22.45,1
1838,Web,A,27.6,35.82,1
1839,Tienda,B,66.31,33.12,1
1840,Tienda,C,52.71,32.86,1
1841,Web,C,24.79,29.36,1
1842,Web,C,44.91,24.12,1
1843,Web,A,32.2,45.46,0
1844,Web,B,41.91,35.52,1
1845,Web,B,138.09,33.45,1
1846,Web,B,63.6,45.19,0
1847,Web,C,22.74,29.17,1
1848,Web,C,21.02,45.08,1
1849,Web,C,24.44,33.13,1
1850,Tienda,C,47.07,22.87,1
1851,Web,A,57.94,48.74,0
1852,Web,C,60.37,29.97,1
1853,Web,A,50.26,49.6,0
1854,Web,B,33.89,34.18,0
1855,Web,B,42.51,43.8,1
1856,Web,A,51.6,43.71,0
1857,Web,A,42.14,27.43,1
1858,Tienda,C,42.03,20.86,1
1859,Web,B,47.79,44.37,1
1860,Web,A,70.37,33.31,1
1861,Tienda,A,41.31,37.51,1
1862,Web,B,49.57,37.19,1
1863,Web,B,34.03,39.02,1
1864,Web,A,30.56,30.71,0
1865,Web,B,75.48,56.08,0
1866,Tienda,A,39.86,47.26,1
1867,Tienda,A,49.47,34.57,0
1868,Web,C,53.82,31.39,1
1869,Web,B,22.99,31.9,1
1870,Tienda,B,29.14,27.56,1
1871,Tienda,A,43.73,39.27,1
1872,Web,C,33.05,37.93,1
1873,Web,C,71.21,31.17,1
1874,Web,C,85.49,40.81,1
1875,Web,B,29.92,39.59,1
1876,Web,A,38.53,45.36,1
1877,Web,B,44.34,48.55,1
1878,Web,A,22.79,42.71,1
1879,Web,C,27.65,35.65,0
1880,Web,A,53.42,41.19,1
1881,Web,C,41.87,32.26,1
1882,Tienda,C,82.96,23.35,1
1883,Web,A,72.83,36.29,1
1884,Web,A,41.92,35.64,0
1885,Tienda,C,46.08,37.79,1
1886,Web,A,54.52,40.74,0
1887,Tienda,A,92.33,36.48,0
1888,Web,C,42.48,24.69,1
1889,Tienda,B,68.29,33.07,0
1890,Web,A,37.72,36.67,0
1891,Web,A,54.75,41.23,0
1892,Tienda,C,46.5,39.3,1
1893,Tienda,B,42.38,31.78,1
1894,Tienda,C,71.87,24.38,1
1895,Tienda,A,53.94,30.64,1
1896,Web,B,52.03,43.26,1
1897,Web,A,66.08,35.58,1
1898,Web,C,29.85,33.68,1
1899,Tienda,B,89.66,28.83,1
1900,Web,B,59.14,34.75,1
1901,Web,A,59.96,52.52,0
1902,Web,A,40.95,29.95,0
1903,Tienda,A,36.06,30.91,1
1904,Web,C,41.63,37.58,1
1905,Web,A,78.87,51.94,0
1906,Tienda,C,44.24,25.96,1
1907,Web,A,94.62,45.62,1
1908,Web,A,36.41,35.72,1
1909,Web,B,41.43,41.13,1
1910,Web,C,20.17,34.27,1
1911,Web,C,43.51,29.26,0
1912,Web,C,57.8,25.24,1
1913,Tienda,A,52.59,42.31,1
1914,Tienda,A,45.91,29.52,1
1915,Tienda,A,38.86,43.44,1
1916,Tienda,C,61.04,21.6,0
1917,Web,B,21.83,23.75,1
1918,Tienda,C,40.71,19.16,1
1919,Web,B,29.53,29.11,1
1920,Web,B,47.08,36.28,0
1921,Web,A,36.76,54.61,0
1922,Web,B,45.94,38.84,1
1923,Web,C,69.11,51.35,1
1924,Tienda,C,36.98,37.17,1
1925,Web,C,44.85,26.56,0
1926,Web,B,36.96,35.01,0
1927,Web,C,75.3,31.44,1
1928,Web,A,72.01,47.94,0
1929,Tienda,C,44.57,30.78,1
1930,Web,B,75.3,28.05,1
1931,Web,C,64.58,29.01,1
1932,Tienda,A,43.28,47.43,1
1933,Web,C,42.02,48.23,1
1934,Web,A,41.83,42.38,1
1935,Web,A,52.87,52.15,0
1936,Web,A,35.42,32.72,1
1937,Web,C,80.01,40.51,1
1938,Tienda,A,51.69,46.71,1
1939,Web,C,56.03,30.9,1
1940,Web,B,64.83,32.16,1
1941,Web,C,24.09,45.91,1
1942,Tienda,A,68.55,48.94,0
1943,Web,C,40.42,26.42,1
1944,Web,A,18.14,34.27,0
1945,Web,C,39.18,34.36,0
1946,Web,B,53.54,53.48,1
1947,Web,A,19.96,49.36,1
1948,Web,B,42.16,35.2,0
1949,Tienda,B,43.23,26.56,1
1950,Web,B,77.72,28.87,1
1951,Web,A,77.39,37.54,1
1952,Tienda,C,71.37,25.9,1
1953,Tienda,C,82.73,30.18,1
1954,Web,A,76.71,39.99,1
1955,Tienda,A,47.39,42.3,1
1956,Web,A,30.82,39.96,1
1957,Web,B,45.24,40.51,1
1958,Web,B,29.97,30.63,1
1959,Web,B,30.69,36.51,1
1960,Web,C,21.2,34.52,1
1961,Tienda,B,73.46,23.45,1
1962,Web,B,55.06,39.38,1
1963,Web,C,51.18,45.03,0
1964,Tienda,B,62.63,42.88,1
1965,Tienda,A,41.56,37.99,1
1966,Web,C,28.29,27.72,1
1967,Web,A,59.84,36.8,1
1968,Web,B,27.94,36.6,1
1969,Web,C,45.68,35.14,1
1970,Web,B,43.55,41.45,1
1971,Web,C,72.45,37.19,1
1972,Web,B,27.85,34.86,1
1973,Web,C,41.72,27.15,1
1974,Tienda,A,80.14,37.89,1
1975,Web,C,66.31,25.28,1
1976,Tienda,B,28.76,29.79,1
1977,Tienda,B,44.44,38.13,1
1978,Tienda,A,58.25,52.34,1
1979,Tienda,B,26.54,34.73,1
1980,Web,A,33.33,34.83,1
1981,Tienda,A,56.91,40.54,1
1982,Web,B,32.61,41.89,1
1983,Web,B,32.77,25.77,1
1984,Web,B,47.18,36.51,1
1985,Web,A,81.03,57.2,1
1986,Tienda,C,25.34,21.99,1
1987,Tienda,A,40.82,36.3,1
1988,Web,A,43.02,43.13,1
1989,Web,A,59.68,27.35,0
1990,Web,C,33.32,40.82,1
1991,Web,C,27.01,23.92,1
1992,Tienda,C,64.83,31.13,1
1993,Tienda,B,41.44,29.7,1
1994,Web,B,30.85,44.13,1
1995,Web,B,77.13,48.26,0
1996,Web,B,21.98,19.35,1
1997,Web,C,26.84,29.18,0
1998,Tienda,B,93.8,28.55,1
1999,Web,A,37.48,34.5,1
2000,Tienda,B,32.07,26.56,1
2001,Tienda,C,58.52,47.07,1
2002,Tienda,C,66.53,23.67,1
2003,Tienda,B,59.75,25.06,1
2004,Web,B,37.23,46.24,1
2005,Tienda,A,45.71,30.21,1
2006,Web,A,62.14,51.18,1
2007,Web,B,66.93,34.12,1
2008,Tienda,C,42.82,34.84,1
2009,Web,B,135.62,39.92,1
2010,Web,B,65.51,35.83,1
2011,Tienda,B,43.6,27.09,1
2012,Web,A,42.23,39.34,1
2013,Web,C,36.91,37.24,1
2014,Tienda,B,44.21,36.28,1
2015,Web,B,80.82,44.56,1
2016,Web,C,39.24,38.02,1
2017,Web,A,36.57,43.61,1
2018,Web,C,43.88,36.69,1
2019,Tienda,A,57.16,55.12,1
2020,Web,A,41.48,33.4,0
2021,Web,B,32.27,36.13,1
2022,Tienda,B,43.89,23.74,1
2023,Web,A,29.84,37.21,1
2024,Web,A,46.92,38.93,1
2025,Web,A,34.32,37.42,0
2026,Web,A,60.03,40.7,1
2027,Tienda,B,26.66,30.63,0
2028,Web,C,42.46,49.9,1
2029,Tienda,A,87.11,40.57,1
2030,Web,A,43.67,44.83,1
2031,Tienda,B,87.21,35.67,1
2032,Web,C,113.99,18.86,1
2033,Web,B,33.5,47.65,1
2034,Tienda,C,51.09,19.2,1
2035,Tienda,A,45.63,41.65,1
2036,Web,C,66.38,30.1,1
2037,Tienda,B,113.05,37.37,1
2038,Web,B,68.47,37.59,1
2039,Tienda,B,35.97,30.07,1
2040,Tienda,B,74.32,42.19,1
2041,Tienda,B,35.45,48.06,1
2042,Tienda,B,44.11,43.94,1
2043,Web,C,85.52,37.49,1
2044,Web,B,31.46,37.1,1
2045,Tienda,A,97.23,38.94,1
2046,Web,C,37.08,24.07,1
2047,Tienda,C,60.61,46.22,1
2048,Tienda,C,46.87,35.33,1
2049,Web,C,117.97,28.29,1
2050,Tienda,A,53.29,43.63,1
2051,Web,C,61.04,37.09,1
2052,Web,A,81.39,36.32,1
2053,Web,B,50.46,33.45,0
2054,Tienda,B,95.64,40.52,1
2055,Web,B,45.43,39.11,1
2056,Tienda,A,32.37,45.87,0
2057,Web,C,22.91,33.38,1
2058,Web,A,76.62,50.54,1
2059,Web,C,77.22,46.64,1
2060,Tienda,C,59.43,37.66,1
2061,Web,C,59.99,42.3,1
2062,Web,B,31.23,34.16,1
2063,Web,A,32.82,43.48,1
2064,Tienda,A,48.71,43.74,1
2065,Tienda,B,50.76,25.52,1
2066,Web,A,52.86,49.17,0
2067,Web,A,58.27,36.14,1
2068,Web,C,98.38,30.48,1
2069,Tienda,A,39.29,37.06,1
2070,Web,C,34.41,38.23,1
2071,Tienda,C,29.45,23.73,1
2072,Web,A,23.02,36.47,1
2073,Tienda,B,54.04,35.62,1
2074,Web,C,40.56,42.12,1
2075,Web,C,33.42,24.77,1
2076,Tienda,B,30.41,40.27,1
2077,Web,B,42.27,23.76,0
2078,Web,C,92.94,31.5,1
2079,Tienda,B,47.66,35.51,1
2080,Web,A,34.47,42.52,0
2081,Tienda,B,117.84,33.94,1
2082,Web,B,29.08,37.87,1
2083,Tienda,B,42.29,31.01,1
2084,Web,A,55.85,28.88,0
2085,Web,A,47.8,42.59,1
2086,Web,C,45.12,38.4,1
2087,Web,C,95.08,38.82,1
2088,Tienda,A,59.38,31.35,1
2089,Web,A,110.29,42.38,1
2090,Web,C,50.88,24.75,1
2091,Web,C,54.71,40.94,1
2092,Web,C,42.37,24.76,1
2093,Web,C,41.08,34.78,1
2094,Web,A,73.74,32.98,1
2095,Tienda,C,155.84,28.8,1
2096,Tienda,A,117.96,54.31,0
2097,Web,B,30.86,37.21,0
2098,Web,B,40.38,40.96,1
2099,Web,A,68.93,46.21,0
2100,Tienda,C,39.07,40.87,1
2101,Web,C,40.36,25.67,1
2102,Web,B,38.39,15.45,0
2103,Web,B,20.39,46.7,1
2104,Web,A,58.05,39.01,1
2105,Web,C,57.33,39.98,1
2106,Web,B,84.93,28.52,0
2107,Web,A,41.54,44.15,1
2108,Web,A,74.72,48.87,0
2109,Web,C,49.09,38.11,1
2110,Web,C,57.38,34.4,0
2111,Tienda,B,44.49,29.41,1
2112,Web,A,51.75,55.07,0
2113,Web,A,32.45,51.0,0
2114,Tienda,A,89.76,40.75,1
2115,Tienda,B,85.23,35.25,1
2116,Tienda,A,46.41,32.3,1
2117,Web,B,64.67,36.07,0
2118,Tienda,C,93.1,41.72,1
2119,Tienda,B,44.68,40.84,0
2120,Tienda,A,48.8,49.31,1
2121,Web,A,48.2,42.92,1
2122,Web,A,30.79,48.04,1
2123,Tienda,B,91.6,30.81,0
2124,Web,A,45.92,48.02,1
2125,Web,A,56.3,43.03,0
2126,Web,C,57.13,44.66,1
2127,Tienda,A,58.78,31.71,1
2128,Tienda,B,89.11,36.51,1
2129,Web,A,18.63,44.31,1
2130,Web,B,51.49,45.7,1
2131,Web,A,71.41,42.54,1
2132,Web,C,34.58,47.72,1
2133,Web,A,44.93,30.19,1
2134,Tienda,A,39.55,43.87,1
2135,Tienda,A,38.39,29.78,1
2136,Tienda,A,48.87,45.35,1
2137,Web,B,21.45,34.76,0
2138,Web,B,52.66,29.98,0
2139,Tienda,A,56.28,42.76,1
2140,Tienda,B,61.08,41.67,1
2141,Tienda,B,43.22,37.04,1
2142,Web,B,43.23,45.52,0
2143,Web,C,34.28,26.01,0
2144,Web,C,23.74,26.97,1
2145,Web,A,89.56,38.74,0
2146,Web,C,58.88,32.26,1
2147,Web,B,51.14,51.43,1
2148,Web,C,38.82,24.32,1
2149,Web,A,79.22,41.2,0
2150,Tienda,C,76.63,31.38,0
2151,Tienda,B,39.67,38.65,0
2152,Web,A,27.57,42.26,1
2153,Web,C,36.3,27.84,1
2154,Web,A,38.42,39.59,1
2155,Web,B,25.47,24.76,1
2156,Web,A,48.47,44.68,1
2157,Tienda,A,74.76,42.43,1
2158,Tienda,C,24.5,27.34,1
2159,Web,C,45.71,44.97,0
2160,Tienda,A,68.54,41.12,1
2161,Web,B,41.98,38.78,1
2162,Tienda,C,49.42,24.22,1
2163,Web,C,49.75,41.32,1
2164,Web,A,80.77,42.13,1
2165,Web,A,68.44,32.43,1
2166,Tienda,B,54.66,35.51,1
2167,Web,C,22.13,39.33,1
2168,Tienda,A,42.52,36.3,0
2169,Web,B,85.58,28.48,1
2170,Web,C,38.34,42.06,0
2171,Web,B,88.72,31.55,1
2172,Web,B,71.36,38.8,1
2173,Web,C,29.47,28.91,1
2174,Tienda,C,40.14,28.93,1
2175,Tienda,A,62.46,36.04,0
2176,Tienda,B,39.11,32.94,1
2177,Web,C,40.61,16.43,1
2178,Web,C,38.39,41.52,1
2179,Web,B,72.13,35.37,1
2180,Tienda,B,69.81,27.71,1
2181,Tienda,B,143.48,29.62,1
2182,Web,A,33.66,35.83,0
2183,Tienda,C,68.32,37.63,1
2184,Web,C,72.67,24.91,1
2185,Web,C,35.09,41.7,1
2186,Web,A,42.75,40.89,1
2187,Web,C,56.94,39.04,1
2188,Web,C,39.47,26.88,1
2189,Web,B,63.26,41.21,1
2190,Web,C,44.08,39.19,1
2191,Web,C,20.67,45.63,0
2192,Web,C,30.8,34.55,1
2193,Web,B,23.99,44.01,0
2194,Tienda,B,50.03,36.21,1
2195,Tienda,A,61.79,31.93,1
2196,Web,B,48.52,40.9,1
2197,Web,A,57.15,30.63,1
2198,Tienda,C,49.46,37.27,1
2199,Web,B,103.83,38.48,1
2200,Web,A,35.84,20.62,0
2201,Web,C,38.27,32.54,1
2202,Tienda,A,58.32,30.44,1
2203,Web,A,42.19,37.69,1
2204,Web,C,45.54,43.79,1
2205,Tienda,B,56.63,24.08,1
2206,Web,B,32.79,38.57,0
2207,Web,A,34.76,51.0,1
2208,Tienda,C,73.27,37.5,1
2209,Web,A,31.62,50.94,1
2210,Web,A,108.92,31.63,0
2211,Tienda,B,57.87,34.88,1
2212,Tienda,A,65.16,43.65,1
2213,Tienda,A,86.31,46.46,1
2214,Tienda,B,67.63,31.14,0
2215,Web,C,47.55,35.35,1
2216,Tienda,A,46.48,40.26,1
2217,Web,B,116.09,34.18,0
2218,Web,A,67.79,55.33,0
2219,Tienda,B,61.36,27.14,0
2220,Tienda,B,63.56,25.82,0
2221,Tienda,B,32.61,43.84,1
2222,Web,B,55.16,38.65,0
2223,Web,B,46.77,34.04,0
2224,Web,B,53.06,39.91,1
2225,Web,B,74.71,30.22,1
2226,Tienda,A,80.71,39.71,1
2227,Tienda,C,51.45,30.12,0
2228,Web,B,26.0,28.48,1
2229,Web,B,24.14,29.71,1
2230,Tienda,B,92.41,27.16,1
2231,Web,A,53.48,40.45,1
2232,Web,B,58.88,47.16,1
2233,Tienda,C,54.09,39.61,1
2234,Web,B,32.94,40.43,1
2235,Web,C,50.04,34.61,1
2236,Web,C,46.53,31.01,0
2237,Web,C,54.73,20.24,1
2238,Web,A,34.9,43.44,1
2239,Web,A,43.08,39.77,1
2240,Web,B,27.2,40.89,1
2241,Web,C,70.88,45.49,1
2242,Web,C,72.38,26.25,1
2243,Tienda,A,79.89,44.38,1
2244,Web,A,37.6,50.76,0
2245,Tienda,B,93.63,15.62,1
2246,Web,A,53.71,53.31,1
2247,Web,A,25.67,48.11,0
2248,Web,A,28.72,39.78,1
2249,Web,C,48.68,36.64,0
2250,Web,B,96.26,45.5,1
2251,Tienda,B,47.36,36.45,1
2252,Tienda,C,47.12,20.96,1
2253,Web,B,30.62,32.03,1
2254,Tienda,B,109.18,34.17,0
2255,Tienda,C,28.31,29.07,1
2256,Web,B,46.91,29.95,1
2257,Web,C,51.24,33.34,1
2258,Web,B,38.36,32.75,1
2259,Web,A,30.52,46.26,0
2260,Web,A,97.39,33.77,0
2261,Web,A,71.36,41.75,1
2262,Tienda,B,44.76,39.57,1
2263,Web,B,35.17,38.34,1
2264,Web,C,48.0,37.84,1
2265,Tienda,A,55.59,37.14,1
2266,Web,B,48.11,33.71,1
2267,Web,C,59.14,23.9,1
2268,Tienda,A,44.51,44.31,1
2269,Tienda,B,32.52,33.58,1
2270,Web,C,52.37,39.65,1
2271,Tienda,A,58.87,40.2,1
2272,Web,B,43.75,33.64,1
2273,Web,C,33.91,30.05,0
2274,Tienda,C,78.79,19.63,0
2275,Web,C,14.65,36.34,1
2276,Web,C,25.98,36.04,1
2277,Tienda,C,47.46,24.53,1
2278,Web,C,110.1,43.03,1
2279,Tienda,C,57.26,47.63,1
2280,Web,B,49.34,22.02,1
2281,Web,C,43.69,41.7,1
2282,Web,A,46.22,50.14,1
2283,Web,C,24.16,22.87,0
2284,Web,A,45.93,33.33,1
2285,Web,A,61.66,58.08,1
2286,Tienda,C,99.52,28.08,1
2287,Web,A,21.08,43.05,0
2288,Web,C,29.26,21.98,1
2289,Tienda,C,41.12,28.99,1
2290,Web,B,38.92,22.91,1
2291,Web,B,96.02,37.91,1
2292,Web,A,48.39,46.45,1
2293,Web,B,53.82,41.5,1
2294,Web,C,28.21,27.92,1
2295,Web,A,55.18,35.76,1
2296,Tienda,C,66.84,32.88,1
2297,Web,C,72.81,35.1,1
2298,Tienda,C,36.92,26.71,1
2299,Web,C,35.29,37.08,0
2300,Web,C,72.09,25.22,1
2301,Web,B,58.73,36.4,1
2302,Tienda,A,52.87,41.36,1
2303,Web,C,32.29,34.27,1
2304,Web,A,73.0,51.73,0
2305,Web,C,71.63,32.19,1
2306,Tienda,C,44.25,26.01,1
2307,Tienda,C,52.94,27.6,1
2308,Tienda,C,72.46,20.95,1
2309,Tienda,B,57.29,29.35,0
2310,Tienda,B,68.75,33.59,1
2311,Tienda,C,47.73,40.16,1
2312,Web,A,29.61,30.59,1
2313,Web,C,28.64,36.76,1
2314,Web,A,55.22,36.16,1
2315,Web,C,92.29,26.69,1
2316,Tienda,C,67.08,48.1,1
2317,Tienda,B,63.25,39.7,1
2318,Web,B,48.75,45.91,1
2319,Web,B,27.99,34.48,1
2320,Tienda,A,45.85,36.33,0
2321,Web,B,25.07,42.91,0
2322,Web,B,86.72,49.3,1
2323,Tienda,B,42.06,25.22,1
2324,Tienda,A,42.82,40.05,1
2325,Web,C,65.2,36.27,1
2326,Web,A,74.67,40.6,0
2327,Web,A,27.54,42.13,0
2328,Web,A,19.79,47.17,1
2329,Web,A,77.64,29.19,1
2330,Tienda,B,45.03,28.61,0
2331,Web,C,49.2,31.66,1
2332,Web,C,50.34,31.05,1
2333,Web,B,43.24,31.93,0
2334,Tienda,A,47.53,34.22,1
2335,Web,B,39.81,32.04,0
2336,Web,A,26.37,51.08,1
2337,Tienda,A,53.48,48.0,1
2338,Web,A,32.61,30.84,1
2339,Web,C,23.62,28.05,1
2340,Web,C,124.04,48.69,1
2341,Web,C,38.92,27.72,1
2342,Web,C,44.56,36.38,1
2343,Web,C,37.31,32.62,1
2344,Web,B,67.93,35.58,0
2345,Web,C,49.55,37.05,0
2346,Web,C,34.62,44.14,1
2347,Web,A,60.31,45.76,1
2348,Web,B,30.43,28.18,1
2349,Tienda,B,41.26,37.53,1
2350,Web,A,126.02,43.21,1
2351,Tienda,C,45.16,38.01,1
2352,Tienda,B,63.09,30.32,1
2353,Tienda,A,58.21,32.54,1
2354,Tienda,B,52.4,34.14,0
2355,Web,B,24.38,42.09,1
2356,Web,C,38.74,37.88,1
2357,Web,B,41.12,41.88,0
2358,Tienda,B,42.71,37.6,1
2359,Web,A,26.64,52.64,1
2360,Web,A,54.08,45.83,1
2361,Web,C,32.85,27.53,1
2362,Web,A,34.77,41.57,1
2363,Tienda,C,42.2,33.66,1
2364,Web,C,29.78,35.03,1
2365,Web,A,35.25,29.17,1
2366,Web,C,36.19,24.37,1
2367,Web,B,43.67,42.86,1
2368,Tienda,A,57.3,50.19,0
2369,Web,C,74.29,46.93,0
2370,Web,A,45.87,34.19,1
2371,Tienda,A,53.35,31.74,1
2372,Web,C,39.43,35.11,1
2373,Web,C,44.33,35.14,1
2374,Tienda,C,50.1,26.96,1
2375,Tienda,B,28.88,31.31,1
2376,Web,B,51.57,34.62,0
2377,Tienda,A,42.13,39.07,1
2378,Web,B,26.82,41.8,1
2379,Web,B,30.93,45.64,0
2380,Web,C,30.62,25.89,1
2381,Web,C,20.4,29.18,1
2382,Web,C,83.25,27.14,0
2383,Tienda,A,29.17,44.01,1
2384,Web,B,42.52,55.86,1
2385,Tienda,C,41.49,33.4,1
2386,Web,B,44.13,40.19,1
2387,Tienda,B,40.44,40.09,1
2388,Web,C,42.85,30.04,1
2389,Web,A,37.61,36.58,1
2390,Web,C,40.67,35.08,0
2391,Web,C,73.35,26.67,1
2392,Web,B,40.88,37.21,0
2393,Tienda,B,34.5,27.57,1
2394,Web,C,102.84,33.95,1
2395,Tienda,C,51.72,30.21,1
2396,Tienda,B,60.54,16.38,1
2397,Web,C,32.72,36.9,1
2398,Tienda,B,61.71,21.05,1
2399,Web,A,21.59,49.39,1
2400,Web,B,83.54,48.63,1
2401,Web,A,104.54,41.65,0
2402,Tienda,A,86.9,28.17,0
2403,Web,A,39.31,40.09,0
2404,Tienda,C,44.49,38.29,1
2405,Web,C,41.7,42.5,0
2406,Web,B,53.77,43.33,1
2407,Web,B,45.11,44.0,1
2408,Tienda,B,35.48,32.64,0
2409,Web,C,22.05,19.39,0
2410,Tienda,C,63.89,30.8,1
2411,Tienda,A,42.83,33.74,0
2412,Tienda,A,31.87,30.04,1
2413,Web,C,43.91,29.28,0
2414,Web,C,39.58,26.37,1
2415,Tienda,B,83.52,38.01,0
2416,Tienda,A,96.12,20.14,1
2417,Web,C,58.41,35.85,1
2418,Tienda,B,46.63,26.92,1
2419,Web,A,73.48,45.06,0
2420,Tienda,A,56.21,37.29,1
2421,Web,B,85.28,34.3,0
2422,Web,C,23.56,33.34,1
2423,Web,B,35.71,34.59,1
2424,Tienda,B,46.92,45.15,1
2425,Tienda,A,30.45,32.29,1
2426,Tienda,B,78.76,39.31,1
2427,Web,A,59.47,41.01,0
2428,Tienda,A,39.53,32.83,1
2429,Tienda,A,45.37,41.02,0
2430,Web,A,47.06,31.16,1
2431,Web,B,46.26,45.61,1
2432,Web,B,29.13,35.75,1
2433,Web,C,66.47,26.57,1
2434,Web,C,62.72,47.49,1
2435,Web,B,61.17,49.29,0
2436,Web,A,41.34,24.98,0
2437,Web,A,62.61,38.89,1
2438,Tienda,A,35.31,42.29,1
2439,Web,B,116.44,35.12,1
2440,Web,C,41.98,37.53,1
2441,Web,A,54.53,40.19,1
2442,Tienda,B,50.31,35.9,1
2443,Tienda,C,63.02,34.6,0
2444,Tienda,A,56.74,39.06,1
2445,Web,C,39.79,32.68,1
2446,Tienda,C,28.59,23.97,1
2447,Web,B,45.58,45.86,1
2448,Web,B,42.35,21.93,1
2449,Web,A,66.85,37.0,1
2450,Web,A,71.97,46.47,1
2451,Web,C,29.89,46.66,1
2452,Web,A,51.69,33.98,0
2453,Web,B,45.53,34.15,1
2454,Web,B,56.04,36.73,1
2455,Web,B,38.45,35.19,1
2456,Web,C,35.4,15.2,1
2457,Tienda,A,98.54,40.39,1
2458,Tienda,C,37.51,24.19,1
2459,Web,C,34.72,36.4,1
2460,Web,A,24.83,44.87,1
2461,Web,C,45.65,33.53,1
2462,Web,A,42.4,38.07,0
2463,Web,B,49.62,36.13,1
2464,Web,C,34.34,49.18,1
2465,Tienda,A,44.18,35.07,1
2466,Tienda,A,40.35,38.43,1
2467,Web,C,42.09,26.06,1
2468,Web,A,49.69,37.19,1
2469,Tienda,B,37.79,29.19,1
2470,Web,A,23.56,44.31,0
2471,Web,A,23.13,43.14,1
2472,Tienda,C,74.86,33.25,1
2473,Tienda,B,21.22,33.16,1
2474,Web,B,35.2,44.51,0
2475,Web,C,104.37,21.03,0
2476,Web,A,44.03,29.71,0
2477,Tienda,C,81.53,39.98,1
2478,Web,C,20.15,34.03,1
2479,Web,B,55.15,32.61,1
2480,Web,B,77.99,32.54,1
2481,Web,B,55.01,19.42,1
2482,Web,A,46.04,48.42,1
2483,Tienda,A,35.47,31.36,1
2484,Web,B,24.67,27.72,0
2485,Web,C,45.93,37.26,1
2486,Web,A,91.22,39.61,1
2487,Tienda,C,49.96,21.3,1
2488,Tienda,A,33.24,31.93,1
2489,Tienda,B,90.65,27.08,1
2490,Web,C,61.98,37.63,1
2491,Web,A,33.0,39.57,1
2492,Web,C,35.64,31.09,1
2493,Tienda,C,62.61,37.29,1
2494,Web,A,82.13,49.71,1
2495,Tienda,B,62.78,38.39,1
2496,Web,A,79.12,49.22,1
2497,Web,C,28.82,46.16,0
2498,Web,C,26.75,40.69,1
2499,Web,B,57.05,34.25,1
2500,Tienda,C,59.06,27.93,1
2501,Tienda,C,38.81,24.54,0
2502,Web,B,46.8,39.72,0
2503,Web,A,43.83,42.67,1
2504,Web,C,32.75,30.04,1
2505,Web,B,48.84,36.47,1
2506,Web,C,56.86,35.86,1
2507,Web,B,61.46,22.51,1
2508,Tienda,B,32.35,44.93,0
2509,Web,A,99.04,34.55,1
2510,Web,C,38.02,37.22,1
2511,Tienda,C,20.63,22.64,1
2512,Tienda,A,43.19,32.57,1
2513,Web,C,29.02,34.97,1
2514,Web,C,59.16,34.59,1
2515,Web,C,71.71,37.87,1
2516,Web,A,33.64,42.14,1
2517,Tienda,B,87.14,31.99,1
2518,Tienda,C,79.84,25.0,0
2519,Web,C,48.48,38.48,1
2520,Tienda,B,32.41,37.26,1
2521,Web,A,57.86,44.71,0
2522,Web,B,46.8,25.93,1
2523,Web,C,52.03,27.92,1
2524,Web,A,51.24,39.1,0
2525,Web,C,36.09,28.95,0
2526,Web,C,59.34,31.32,1
2527,Web,C,85.33,33.61,1
2528,Tienda,B,59.79,29.85,0
2529,Tienda,B,77.98,27.52,0
2530,Web,B,43.62,48.1,0
2531,Web,B,27.52,49.4,1
2532,Web,B,47.09,39.13,1
2533,Tienda,A,77.72,43.11,1
2534,Web,C,45.3,43.69,0
2535,Web,A,50.52,41.57,1
2536,Web,B,32.48,21.36,1
2537,Web,B,43.32,28.78,1
2538,Web,B,36.97,39.94,1
2539,Web,A,38.42,41.26,0
2540,Web,C,52.92,37.85,0
2541,Web,A,41.56,52.64,1
2542,Web,C,36.91,35.39,0
2543,Web,A,24.22,46.67,1
2544,Tienda,B,68.46,25.33,1
2545,Web,C,35.66,36.59,1
2546,Web,A,77.8,47.1,1
2547,Web,C,36.11,38.62,1
2548,Web,C,37.11,38.77,1
2549,Web,C,105.77,24.85,1
2550,Tienda,C,54.83,23.95,0
2551,Web,B,36.51,33.0,1
2552,Tienda,C,31.59,31.12,1
2553,Web,A,57.42,34.87,1
2554,Tienda,A,54.32,41.9,0
2555,Web,A,63.65,36.1,1
2556,Web,A,73.78,42.36,1
2557,Web,B,61.55,27.02,0
2558,Tienda,A,42.21,28.86,1
2559,Tienda,B,49.16,29.93,1
2560,Tienda,B,38.95,40.04,1
2561,Web,B,47.49,25.7,1
2562,Web,A,48.09,31.36,1
2563,Web,B,26.87,34.65,1
2564,Web,C,60.02,36.56,1
2565,Web,B,32.85,35.08,0
2566,Web,A,31.01,32.0,0
2567,Web,C,33.3,46.09,1
2568,Web,B,49.83,49.11,1
2569,Web,B,68.78,40.63,1
2570,Tienda,B,33.84,30.23,1
2571,Web,C,31.28,42.91,1
2572,Web,B,25.05,33.32,1
2573,Web,C,53.96,30.57,1
2574,Web,A,87.38,37.51,1
2575,Tienda,A,30.81,39.76,0
2576,Web,A,21.82,37.15,1
2577,Web,A,43.49,22.66,1
2578,Web,A,42.81,42.38,1
2579,Web,C,67.79,35.1,1
2580,Tienda,B,95.12,34.28,1
2581,Web,A,36.59,42.28,1
2582,Web,A,31.47,54.85,1
2583,Web,A,28.48,54.78,1
2584,Tienda,A,49.59,30.44,1
2585,Tienda,C,66.51,30.94,1
2586,Tienda,A,47.97,54.11,1
2587,Web,B,87.92,35.09,1
2588,Web,C,41.59,34.03,1
2589,Web,A,70.62,40.69,1
2590,Web,C,50.53,33.49,1
2591,Web,C,86.19,38.1,1
2592,Web,A,39.93,37.17,1
2593,Web,C,86.29,36.93,1
2594,Web,B,25.02,37.99,1
2595,Web,C,40.65,46.22,1
2596,Tienda,B,110.48,38.81,1
2597,Web,B,31.99,38.27,1
2598,Tienda,B,53.04,31.33,0
2599,Tienda,C,65.96,33.87,1
2600,Tienda,C,70.27,20.63,1
2601,Web,A,23.86,37.34,0
2602,Web,B,52.74,37.23,0
2603,Web,A,42.55,39.19,0
2604,Web,B,43.9,39.67,1
2605,Web,C,46.81,30.44,1
2606,Web,A,49.05,52.36,0
2607,Web,C,46.33,28.53,0
2608,Web,B,18.76,48.16,1
2609,Web,C,60.16,45.39,1
2610,Tienda,C,64.81,26.2,0
2611,Web,A,43.22,41.59,0
2612,Tienda,C,56.09,43.07,1
2613,Tienda,A,32.35,27.91,1
2614,Tienda,B,100.27,17.22,1
2615,Web,C,32.5,30.21,0
2616,Web,A,74.79,40.48,1
2617,Web,B,95.37,33.26,1
2618,Web,C,47.26,42.74,1
2619,Web,B,37.42,39.1,1
2620,Web,C,105.34,41.9,1
2621,Tienda,B,38.16,28.57,0
2622,Tienda,B,39.2,39.23,1
2623,Tienda,C,49.65,28.68,1
2624,Web,A,35.32,39.95,0
2625,Web,A,42.91,33.61,0
2626,Tienda,B,43.58,28.43,1
2627,Tienda,C,60.72,34.71,0
2628,Tienda,A,30.87,42.2,1
2629,Web,C,41.0,38.94,1
2630,Web,B,27.63,39.16,1
2631,Tienda,C,45.5,41.64,1
2632,Tienda,C,34.04,28.57,1
2633,Tienda,A,45.58,38.26,0
2634,Web,A,68.75,44.73,1
2635,Tienda,B,44.03,42.8,0
2636,Web,A,59.54,50.94,0
2637,Web,A,24.81,43.49,1
2638,Web,A,49.11,40.62,1
2639,Tienda,B,48.01,31.82,1
2640,Web,B,51.31,30.92,1
2641,Web,C,66.45,26.31,1
2642,Web,B,47.88,41.07,1
2643,Web,C,39.75,39.95,1
2644,Tienda,B,70.27,34.47,1
2645,Web,A,46.38,49.89,1
2646,Web,B,58.39,37.13,0
2647,Web,C,62.21,32.06,1
2648,Tienda,B,44.32,32.25,1
2649,Tienda,B,59.23,32.48,0
2650,Web,C,64.46,33.75,0
2651,Tienda,B,47.74,45.62,1
2652,Web,A,54.16,38.29,1
2653,Web,C,18.66,23.97,1
2654,Web,A,24.02,27.7,1
2655,Web,B,57.86,48.48,1
2656,Web,B,49.4,36.56,1
2657,Tienda,B,68.9,30.03,0
2658,Web,C,59.63,47.24,1
2659,Web,B,34.36,37.92,1
2660,Tienda,A,61.87,44.13,1
2661,Web,A,65.8,52.92,0
2662,Web,A,29.91,34.37,1
2663,Web,B,28.64,34.27,1
2664,Tienda,A,36.34,37.21,1
2665,Web,C,35.19,29.93,0
2666,Web,C,51.0,28.8,1
2667,Tienda,B,85.43,29.64,1
2668,Tienda,C,119.57,40.38,1
2669,Web,C,98.5,35.84,1
2670,Tienda,B,70.6,25.57,1
2671,Web,A,35.03,51.27,1
2672,Tienda,A,67.06,22.08,0
2673,Web,C,40.38,34.56,1
2674,Web,A,27.22,47.83,1
2675,Web,A,39.17,48.02,1
2676,Web,C,36.33,27.68,1
2677,Web,B,63.17,31.28,1
2678,Tienda,C,43.5,24.65,1
2679,Tienda,B,47.19,31.01,1
2680,Tienda,A,35.06,45.55,1
2681,Tienda,C,40.5,50.83,1
2682,Tienda,B,29.18,39.42,1
2683,Tienda,A,85.17,32.26,1
2684,Web,B,32.26,40.41,1
2685,Web,C,23.24,28.34,1
2686,Web,C,28.8,35.34,1
2687,Tienda,B,42.29,33.73,0
2688,Tienda,A,50.84,45.12,1
2689,Web,B,45.66,38.92,1
2690,Tienda,B,34.03,37.37,1
2691,Web,A,39.14,41.53,1
2692,Tienda,C,86.0,22.11,0
2693,Web,B,41.1,31.91,0
2694,Tienda,C,39.72,30.26,1
2695,Web,B,47.25,32.2,1
2696,Tienda,A,89.54,39.32,0
2697,Web,C,42.49,36.13,1
2698,Tienda,C,42.15,24.9,1
2699,Web,B,58.43,35.32,1
2700,Web,B,61.8,33.75,1
2701,Web,C,38.76,33.53,1
2702,Web,A,48.56,46.31,0
2703,Web,C,31.74,42.22,1
2704,Web,C,25.69,26.13,1
2705,Web,A,26.87,36.72,1
2706,Web,C,53.56,31.32,1
2707,Tienda,B,54.3,27.25,1
2708,Web,B,41.9,29.66,0
2709,Web,B,21.14,40.39,1
2710,Web,C,66.75,19.0,1
2711,Web,A,42.45,41.52,1
2712,Tienda,A,97.55,49.02,1
2713,Web,A,83.62,42.13,1
2714,Web,A,58.33,53.71,1
2715,Tienda,A,83.5,38.44,1
2716,Web,C,36.81,40.31,1
2717,Web,B,65.24,37.74,0
2718,Web,A,68.28,42.78,0
2719,Web,C,31.51,27.93,1
2720,Web,C,44.53,25.13,1
2721,Web,C,54.67,32.76,1
2722,Web,A,28.41,50.06,1
2723,Web,C,39.09,29.83,1
2724,Web,B,62.41,40.73,1
2725,Web,A,54.9,46.96,0
2726,Web,B,31.18,30.33,0
2727,Web,A,41.81,35.72,0
2728,Tienda,A,76.97,38.32,1
2729,Web,A,48.39,40.35,1
2730,Web,B,43.3,40.79,1
2731,Tienda,B,73.99,24.6,1
2732,Tienda,C,68.54,27.73,1
2733,Web,B,36.82,57.75,1
2734,Web,B,53.39,32.51,0
2735,Tienda,B,97.58,23.59,1
2736,Web,C,73.54,27.35,1
2737,Web,A,47.39,38.2,1
2738,Tienda,A,110.45,36.03,0
2739,Web,B,60.44,30.35,0
2740,Web,B,36.59,50.52,1
2741,Web,C,36.57,23.61,0
2742,Web,C,73.26,29.58,1
2743,Tienda,C,48.19,33.32,1
2744,Web,C,44.73,29.15,1
2745,Tienda,B,34.57,30.11,1
2746,Web,A,79.22,48.19,0
2747,Tienda,A,52.04,36.55,0
2748,Tienda,C,39.3,27.46,1
2749,Web,A,38.64,42.8,0
2750,Web,A,36.86,36.89,1
2751,Tienda,A,41.07,40.27,1
2752,Tienda,A,99.17,25.63,1
2753,Tienda,C,70.7,25.11,1
2754,Web,C,36.85,25.96,1
2755,Web,A,34.03,31.89,1
2756,Tienda,B,47.81,41.72,0
2757,Web,C,38.27,40.7,1
2758,Tienda,B,72.04,29.33,1
2759,Web,B,30.79,31.14,1
2760,Tienda,C,51.79,40.36,1
2761,Web,B,57.31,40.82,1
2762,Tienda,A,68.92,34.8,1
2763,Web,A,108.63,36.82,1
2764,Web,B,41.07,37.51,1
2765,Tienda,A,57.04,35.8,1
2766,Web,C,40.75,34.35,1
2767,Web,B,67.89,31.23,1
2768,Web,B,40.68,24.79,1
2769,Tienda,C,21.47,23.05,1
2770,Web,B,37.62,26.75,1
2771,Web,B,29.7,42.98,0
2772,Tienda,A,37.51,58.01,0
2773,Web,C,21.83,32.51,1
2774,Tienda,C,53.31,28.46,1
2775,Tienda,A,41.73,29.4,1
2776,Web,C,48.48,40.19,1
2777,Tienda,C,40.67,28.09,1
2778,Web,C,49.53,28.76,0
2779,Tienda,B,80.62,32.53,1
2780,Web,B,32.11,35.51,1
2781,Web,B,37.44,48.54,1
2782,Web,C,52.95,33.58,0
2783,Web,B,39.54,37.1,1
2784,Web,B,50.17,49.6,0
2785,Web,C,44.71,38.37,1
2786,Web,B,35.41,32.66,1
2787,Web,A,79.74,33.45,0
2788,Web,B,72.65,40.17,1
2789,Web,B,44.94,42.72,1
2790,Web,C,45.98,43.72,1
2791,Web,C,32.79,21.41,1
2792,Web,B,48.43,36.18,1
2793,Web,C,107.13,37.51,0
2794,Web,A,53.91,50.88,0
2795,Web,C,35.06,27.46,1
2796,Web,A,63.34,49.7,1
2797,Web,B,44.98,27.68,0
2798,Web,B,56.6,23.77,1
2799,Tienda,C,77.17,49.14,1
2800,Web,C,38.81,30.44,1
2801,Web,B,45.98,36.88,1
2802,Tienda,B,54.13,34.99,1
2803,Web,B,68.01,41.67,0
2804,Web,A,28.85,44.33,0
2805,Web,B,42.08,36.78,0
2806,Web,C,87.0,21.26,1
2807,Web,B,18.98,42.52,0
2808,Web,B,37.65,47.86,1
2809,Web,C,46.79,33.31,0
2810,Web,C,57.85,36.05,1
2811,Web,C,54.42,34.2,0
2812,Web,A,26.07,44.41,0
2813,Tienda,B,81.22,34.06,1
2814,Web,C,50.19,40.5,1
2815,Web,A,38.54,46.06,1
2816,Web,A,57.04,42.21,1
2817,Web,B,47.22,35.31,1
2818,Web,A,34.88,51.06,0
2819,Web,C,35.44,26.65,1
2820,Web,C,37.89,34.65,1
2821,Web,C,79.4,34.95,1
2822,Web,B,44.27,33.59,1
2823,Web,B,30.55,44.85,0
2824,Tienda,C,46.1,34.39,0
2825,Web,A,112.12,36.18,1
2826,Tienda,B,40.81,26.78,1
2827,Tienda,C,41.52,29.19,1
2828,Web,B,38.81,36.26,1
2829,Web,A,35.22,49.96,1
2830,Web,C,71.87,43.14,1
2831,Web,B,47.75,32.82,1
2832,Tienda,B,52.62,21.2,1
2833,Web,B,58.4,24.0,1
2834,Web,A,32.91,48.46,1
2835,Web,B,50.33,55.48,1
2836,Web,A,38.45,42.48,1
2837,Web,A,25.45,40.14,1
2838,Tienda,A,55.76,54.63,0
2839,Tienda,B,48.18,27.13,1
2840,Web,C,48.76,28.64,0
2841,Web,B,63.97,40.13,1
2842,Web,B,114.53,23.91,1
2843,Web,C,59.13,30.11,0
2844,Web,A,88.05,45.48,0
2845,Tienda,A,38.85,44.04,1
2846,Tienda,A,76.02,29.31,0
2847,Web,A,27.9,55.84,0
2848,Web,C,28.08,38.89,1
2849,Tienda,C,38.2,34.44,1
2850,Web,B,55.69,36.2,1
2851,Tienda,A,36.27,30.41,0
2852,Web,C,38.19,43.72,1
2853,Web,A,67.36,39.32,0
2854,Web,A,65.46,39.43,1
2855,Web,A,44.32,45.64,1
2856,Web,A,48.15,41.74,0
2857,Tienda,B,84.79,28.81,1
2858,Tienda,A,36.37,23.05,1
2859,Web,A,41.35,43.0,1
2860,Tienda,C,41.53,23.89,0
2861,Web,B,28.31,29.67,1
2862,Tienda,A,60.99,30.02,0
2863,Web,B,33.35,26.68,1
2864,Web,A,74.21,48.51,0
2865,Web,A,39.98,38.34,0
2866,Tienda,A,48.35,35.23,1
2867,Web,C,30.42,33.41,1
2868,Web,B,27.62,47.55,1
2869,Tienda,C,91.57,27.33,1
2870,Web,C,37.06,25.33,1
2871,Web,B,54.12,44.69,1
2872,Tienda,B,106.12,32.63,1
2873,Web,B,35.05,28.32,1
2874,Web,C,97.73,34.25,0
2875,Web,A,38.3,54.51,0
2876,Web,B,35.82,44.26,0
2877,Web,C,49.98,29.22,1
2878,Web,B,30.37,14.99,1
2879,Web,C,40.07,32.39,1
2880,Web,A,48.71,40.73,1
2881,Web,C,28.22,44.61,0
2882,Tienda,C,53.28,27.7,1
2883,Web,B,20.84,36.33,0
2884,Web,C,44.76,31.31,1
2885,Web,A,61.82,51.73,1
2886,Tienda,A,45.35,47.2,0
2887,Tienda,A,65.61,32.98,1
2888,Tienda,B,51.1,29.03,1
2889,Tienda,C,50.04,37.33,1
2890,Tienda,C,57.13,27.6,1
2891,Tienda,B,53.24,23.92,1
2892,Web,B,30.38,38.32,1
2893,Web,C,54.72,28.89,1
2894,Web,B,82.66,42.46,1
2895,Web,B,53.7,29.6,1
2896,Web,B,72.49,30.45,0
2897,Tienda,B,70.77,36.78,1
2898,Web,B,37.4,32.32,0
2899,Tienda,C,67.2,36.25,0
2900,Web,A,33.24,39.32,1
2901,Web,C,71.04,46.98,0
2902,Web,B,27.06,26.52,1
2903,Tienda,C,46.32,38.2,1
2904,Tienda,A,51.78,45.5,1
2905,Tienda,C,51.44,32.54,0
2906,Web,A,23.29,48.88,1
2907,Web,A,77.33,48.19,1
2908,Tienda,A,44.37,51.57,0
2909,Tienda,C,58.45,25.26,1
2910,Web,B,37.73,40.85,0
2911,Tienda,A,50.6,33.0,1
2912,Tienda,C,67.27,26.03,1
2913,Tienda,B,139.99,38.98,1
2914,Web,C,64.85,31.11,1
2915,Web,C,65.45,38.13,1
2916,Web,A,123.15,39.84,1
2917,Web,B,44.43,27.96,1
2918,Web,B,45.78,36.95,1
2919,Web,C,45.51,23.17,1
2920,Web,A,35.62,26.25,0
2921,Tienda,B,64.85,30.72,1
2922,Tienda,C,35.05,33.51,0
2923,Tienda,C,46.91,34.56,1
2924,Web,C,38.62,46.84,0
2925,Web,B,45.1,34.78,1
2926,Web,C,59.95,27.81,1
2927,Tienda,A,40.63,30.53,0
2928,Web,C,54.38,39.68,1
2929,Tienda,A,63.36,40.87,1
2930,Web,C,30.34,37.1,0
2931,Web,B,54.8,26.95,0
2932,Web,C,40.34,37.48,1
2933,Tienda,B,107.23,29.83,1
2934,Web,B,56.62,29.8,0
2935,Tienda,C,46.52,29.82,0
2936,Tienda,A,58.55,46.9,1
2937,Web,B,30.76,43.4,0
2938,Tienda,B,45.19,45.68,1
2939,Tienda,C,49.19,23.06,1
2940,Web,C,40.97,48.69,1
2941,Tienda,A,61.73,44.45,0
2942,Tienda,B,59.85,36.36,1
2943,Tienda,B,67.45,28.78,1
2944,Web,B,61.96,31.58,1
2945,Tienda,B,58.1,48.23,1
2946,Web,A,92.18,35.04,0
2947,Web,B,30.18,40.01,1
2948,Web,C,52.36,34.42,0
2949,Web,B,80.64,25.76,1
2950,Web,C,135.2,25.82,0
2951,Web,B,53.36,38.14,1
2952,Tienda,C,39.83,29.22,1
2953,Tienda,A,60.04,42.78,1
2954,Web,C,49.63,29.76,1
2955,Tienda,C,54.11,25.61,1
2956,Web,A,39.25,33.3,1
2957,Web,C,33.04,31.7,1
2958,Web,B,28.65,46.33,0
2959,Tienda,C,47.06,28.05,1
2960,Tienda,A,70.54,30.42,1
2961,Web,B,35.49,31.66,1
2962,Web,B,19.76,39.01,1
2963,Web,C,34.42,43.55,1
2964,Web,A,75.86,28.88,1
2965,Web,B,37.96,38.49,1
2966,Tienda,C,65.32,34.78,1
2967,Web,A,21.68,30.69,0
2968,Web,B,75.34,24.87,1
2969,Tienda,C,47.15,40.3,1
2970,Web,C,39.49,41.06,0
2971,Web,B,34.74,43.41,1
2972,Web,C,51.28,43.22,1
2973,Web,A,26.01,37.98,1
2974,Web,A,24.92,33.09,0
2975,Tienda,B,56.33,28.18,0
2976,Tienda,B,46.57,32.82,1
2977,Web,B,37.0,42.3,1
2978,Web,C,66.19,25.51,1
2979,Tienda,A,61.8,45.02,0
2980,Web,A,61.32,43.43,1
2981,Tienda,B,80.48,14.79,0
2982,Web,A,49.59,43.16,0
2983,Tienda,A,37.99,48.73,1
2984,Web,B,59.07,36.54,1
2985,Web,A,38.6,41.02,0
2986,Tienda,C,50.21,25.88,1
2987,Web,C,28.56,37.44,1
2988,Web,B,41.61,30.01,1
2989,Tienda,A,45.18,28.74,0
2990,Tienda,C,55.45,37.44,1
2991,Web,B,27.44,38.4,1
2992,Tienda,C,72.51,34.12,0
2993,Tienda,A,60.19,46.13,0
2994,Web,A,40.2,33.35,0
2995,Tienda,C,61.31,40.75,1
2996,Web,C,34.17,34.34,0
2997,Web,B,93.52,36.78,1
2998,Tienda,C,59.42,27.83,1
2999,Web,A,66.13,38.37,1
3000,Web,B,49.73,42.02,1
3001,Web,B,67.15,41.67,1
3002,Tienda,C,48.69,31.21,0
3003,Web,A,54.53,42.62,1
3004,Web,B,46.84,29.59,1
3005,Web,C,102.14,15.73,1
3006,Web,B,117.35,42.82,1
3007,Tienda,A,34.08,43.89,1
3008,Web,B,40.07,41.21,1
3009,Web,C,51.29,28.45,1
3010,Web,B,27.47,30.77,1
3011,Web,A,23.17,50.95,1
3012,Tienda,C,26.99,39.26,1
3013,Web,B,50.49,26.29,1
3014,Web,C,39.58,23.99,1
3015,Web,A,40.82,40.13,0
3016,Web,C,42.53,32.56,1
3017,Web,B,34.71,28.4,0
3018,Web,B,35.24,31.11,1
3019,Tienda,B,72.87,36.78,0
3020,Web,B,46.32,35.29,1
3021,Web,C,42.23,34.47,0
3022,Tienda,B,75.79,39.15,1
3023,Web,A,54.71,36.09,1
3024,Tienda,A,58.15,38.26,1
3025,Web,C,42.99,32.04,1
3026,Tienda,A,50.57,43.95,1
3027,Web,A,42.59,28.89,1
3028,Web,C,36.41,16.69,0
3029,Web,B,39.68,35.77,1
3030,Web,C,28.84,36.49,1
3031,Tienda,A,42.23,20.06,1
3032,Tienda,A,81.59,44.82,0
3033,Web,B,83.9,36.76,1
3034,Tienda,B,57.76,29.35,0
3035,Web,A,50.1,43.37,0
3036,Tienda,B,56.52,28.96,1
3037,Tienda,A,65.92,28.95,1
3038,Web,C,80.4,18.77,1
3039,Web,C,42.67,23.9,1
3040,Tienda,B,67.79,33.74,1
3041,Web,A,51.31,40.75,1
3042,Tienda,C,63.3,17.89,1
3043,Tienda,B,43.33,42.6,1
3044,Web,A,18.75,40.1,1
3045,Web,C,69.29,39.12,0
3046,Tienda,B,27.23,34.53,1
3047,Web,C,39.63,35.67,1
3048,Web,A,39.32,45.9,0
3049,Tienda,B,112.52,47.18,1
3050,Tienda,A,70.1,25.94,0
3051,Web,C,26.45,35.6,1
3052,Tienda,C,53.44,31.44,1
3053,Web,B,70.77,37.18,0
3054,Tienda,A,89.8,27.99,1
3055,Web,B,50.57,37.15,1
3056,Web,A,26.84,43.85,1
3057,Web,B,33.57,37.14,1
3058,Tienda,A,33.1,37.74,1
3059,Web,C,65.46,20.53,1
3060,Web,A,74.56,45.78,1
3061,Tienda,C,66.79,20.63,0
3062,Web,C,27.95,39.8,1
3063,Tienda,C,33.27,33.74,1
3064,Tienda,B,40.42,29.56,1
3065,Web,B,64.44,27.08,1
3066,Web,C,87.88,29.45,1
3067,Web,A,95.56,35.09,1
3068,Web,A,37.6,48.75,1
3069,Web,B,26.3,30.83,1
3070,Web,C,52.45,37.03,1
3071,Web,A,52.55,39.88,1
3072,Web,C,44.09,34.8,1
3073,Tienda,C,46.12,33.59,1
3074,Web,C,44.64,38.04,1
3075,Web,A,46.17,40.3,0
3076,Web,B,35.74,41.76,0
3077,Web,A,46.0,40.25,1
3078,Web,C,51.48,41.61,0
3079,Web,A,45.92,46.65,1
3080,Web,A,40.85,37.2,1
3081,Web,C,28.13,28.6,1
3082,Web,A,21.19,36.76,1
3083,Web,C,62.12,36.09,0
3084,Web,C,65.42,28.11,1
3085,Web,C,47.36,54.0,1
3086,Tienda,B,66.71,25.31,1
3087,Web,B,39.63,32.43,1
3088,Web,B,72.43,27.6,1
3089,Web,B,74.32,41.03,1
3090,Tienda,A,54.83,34.55,1
3091,Web,B,62.73,40.33,1
3092,Web,C,63.4,22.02,0
3093,Web,A,35.4,52.4,0
3094,Web,A,25.21,44.3,1
3095,Web,B,49.31,37.93,1
3096,Web,C,47.19,41.92,1
3097,Web,A,68.79,39.79,1
3098,Web,B,17.17,31.85,1
3099,Web,C,51.03,22.22,1
3100,Web,B,63.39,49.5,1
3101,Tienda,A,47.73,47.86,1
3102,Tienda,B,34.96,29.42,1
3103,Tienda,B,64.79,21.98,1
3104,Web,C,64.47,34.72,0
3105,Web,C,54.91,54.88,0
3106,Web,C,26.59,34.5,0
3107,Web,C,43.63,33.28,1
3108,Web,C,31.82,36.05,1
3109,Tienda,C,34.99,41.08,1
3110,Web,B,50.67,49.03,1
3111,Web,A,25.15,32.01,0
3112,Web,B,32.65,55.78,1
3113,Web,A,43.91,47.61,1
3114,Tienda,A,54.38,25.88,1
3115,Web,B,39.3,39.09,0
3116,Web,C,31.58,30.03,1
3117,Web,C,53.5,33.17,1
3118,Tienda,B,48.82,26.46,1
3119,Tienda,C,72.61,21.09,1
3120,Web,B,80.47,30.97,1
3121,Web,B,59.86,41.78,1
3122,Tienda,B,57.03,22.59,1
3123,Tienda,B,97.26,38.69,1
3124,Tienda,B,56.41,22.81,0
3125,Web,B,83.51,46.69,1
3126,Tienda,A,55.02,32.53,0
3127,Tienda,B,39.91,35.73,1
3128,Web,B,55.95,51.26,0
3129,Tienda,A,47.33,34.86,0
3130,Tienda,A,48.94,45.85,1
3131,Web,C,41.97,24.54,1
3132,Web,C,102.09,22.08,1
3133,Web,B,22.29,48.4,0
3134,Web,C,37.74,38.89,0
3135,Tienda,A,95.33,34.3,0
3136,Tienda,A,71.8,49.65,0
3137,Web,C,38.0,34.48,1
3138,Web,C,46.09,36.84,1
3139,Web,A,46.13,40.55,1
3140,Web,C,49.66,32.36,1
3141,Web,C,53.69,41.84,1
3142,Web,C,20.97,39.37,1
3143,Tienda,B,54.11,42.42,1
3144,Web,A,66.51,41.45,0
3145,Web,B,21.09,27.81,1
3146,Web,C,103.94,27.24,1
3147,Web,A,56.86,43.59,1
3148,Web,A,20.86,40.74,1
3149,Tienda,A,55.62,43.17,1
3150,Web,B,49.84,32.58,1
3151,Web,B,56.43,44.6,0
3152,Tienda,B,41.11,41.17,1
3153,Web,B,58.26,34.45,0
3154,Web,A,24.66,42.04,0
3155,Web,C,33.78,30.85,0
3156,Tienda,A,78.91,42.42,1
3157,Tienda,C,34.69,37.88,1
3158,Web,C,65.93,36.27,0
3159,Web,C,37.01,24.73,0
3160,Web,A,46.5,31.43,0
3161,Tienda,B,67.91,40.78,1
3162,Tienda,B,59.59,33.18,1
3163,Tienda,B,27.84,26.75,0
3164,Web,B,71.26,38.21,1
3165,Web,A,31.78,47.12,1
3166,Web,B,56.62,36.93,1
3167,Web,B,52.15,38.5,1
3168,Tienda,B,70.96,39.29,0
3169,Web,B,24.1,30.93,1
3170,Tienda,B,71.54,19.43,1
3171,Tienda,A,61.41,39.7,1
3172,Tienda,C,47.15,26.41,1
3173,Web,C,68.81,43.73,1
3174,Tienda,C,61.05,21.14,1
3175,Tienda,A,59.93,36.99,1
3176,Tienda,A,53.07,40.56,1
3177,Web,A,45.71,37.33,1
3178,Tienda,C,62.35,45.27,1
3179,Tienda,A,94.79,31.46,1
3180,Web,A,43.24,41.64,1
3181,Web,A,34.29,49.86,1
3182,Web,B,36.38,39.54,1
3183,Tienda,C,65.02,24.03,1
3184,Web,C,41.23,26.3,1
3185,Web,C,31.78,48.35,1
3186,Tienda,C,54.13,33.19,1
3187,Web,C,44.15,41.55,0
3188,Web,C,34.62,38.89,0
3189,Tienda,A,42.35,29.64,0
3190,Web,C,32.71,37.89,0
3191,Tienda,B,38.19,33.19,0
3192,Tienda,C,62.61,21.66,1
3193,Web,C,30.78,28.57,0
3194,Web,A,25.9,50.31,0
3195,Web,C,39.51,37.71,1
3196,Web,B,50.01,35.22,1
3197,Tienda,C,33.44,33.7,1
3198,Web,B,57.19,47.1,0
3199,Tienda,A,37.69,43.49,0
3200,Web,C,68.73,30.17,0
3201,Web,C,67.13,36.63,1
3202,Web,A,44.28,44.48,1
3203,Web,C,43.58,32.81,1
3204,Web,B,47.56,29.4,1
3205,Tienda,A,32.6,48.52,1
3206,Web,C,56.45,29.73,1
3207,Web,C,43.21,48.74,1
3208,Web,B,36.28,30.35,1
3209,Web,A,34.07,33.69,0
3210,Web,C,66.59,34.69,1
3211,Web,B,57.47,23.31,1
3212,Tienda,C,73.39,23.64,1
3213,Web,B,26.23,44.05,0
3214,Web,C,32.87,47.62,1
3215,Web,B,53.37,29.18,1
3216,Tienda,B,98.14,49.57,1
3217,Web,C,30.29,17.24,1
3218,Tienda,C,29.32,30.09,1
3219,Tienda,C,95.96,35.36,1
3220,Tienda,B,50.59,32.55,1
3221,Web,C,47.0,36.7,1
3222,Web,A,65.53,37.95,1
3223,Web,A,43.14,38.89,1
3224,Tienda,C,71.06,36.45,1
3225,Web,C,68.82,36.6,1
3226,Web,A,29.32,44.94,1
3227,Web,B,66.28,38.0,1
3228,Web,B,61.06,27.77,0
3229,Web,C,69.16,15.43,1
3230,Tienda,C,45.6,28.55,1
3231,Tienda,A,51.77,36.04,1
3232,Tienda,B,44.26,35.96,1
3233,Web,A,63.65,36.84,0
3234,Web,A,28.47,45.31,0
3235,Web,A,39.84,42.0,1
3236,Web,B,21.24,26.16,1
3237,Web,A,89.46,45.51,1
3238,Web,C,64.57,31.63,1
3239,Web,C,32.7,40.93,1
3240,Web,A,58.04,35.11,0
3241,Tienda,B,62.32,25.69,1
3242,Tienda,A,46.09,36.06,1
3243,Tienda,C,34.23,25.55,0
3244,Web,B,47.29,36.24,1
3245,Tienda,A,32.37,37.99,0
3246,Web,B,66.32,40.1,1
3247,Tienda,C,48.49,40.4,1
3248,Web,A,47.78,41.63,0
3249,Tienda,C,81.91,37.03,1
3250,Web,C,27.15,22.1,0
3251,Tienda,C,49.84,29.42,1
3252,Web,A,48.17,43.94,1
3253,Web,A,23.92,46.15,1
3254,Web,B,35.54,35.72,1
3255,Web,C,52.08,39.18,1
3256,Web,C,72.8,39.51,1
3257,Web,C,52.07,39.88,1
3258,Web,C,25.98,35.18,1
3259,Web,B,31.39,30.86,1
3260,Web,B,71.0,32.71,1
3261,Web,C,35.2,44.91,1
3262,Web,A,124.26,34.15,1
3263,Web,C,61.88,46.34,1
3264,Web,C,100.18,29.1,1
3265,Web,C,54.85,36.23,1
3266,Tienda,A,42.16,38.49,1
3267,Web,A,87.26,47.9,1
3268,Tienda,A,46.01,38.74,1
3269,Web,C,49.98,34.21,1
3270,Web,C,28.74,26.14,1
3271,Tienda,C,77.73,33.61,1
3272,Web,C,23.39,35.77,1
3273,Tienda,A,37.79,37.56,1
3274,Web,B,61.15,36.27,0
3275,Tienda,B,39.68,38.25,1
3276,Web,B,85.51,44.51,0
3277,Web,B,55.35,40.9,0
3278,Tienda,A,61.05,29.3,0
3279,Web,B,32.32,22.77,0
3280,Web,C,25.52,13.79,0
3281,Web,A,61.7,42.01,0
3282,Tienda,C,87.19,30.31,1
3283,Web,B,49.54,36.35,1
3284,Web,A,74.14,37.9,1
3285,Web,A,33.85,47.09,1
3286,Web,B,60.43,24.16,1
3287,Tienda,A,45.92,42.33,0
3288,Web,B,104.98,30.24,1
3289,Web,A,50.28,36.02,0
3290,Web,C,30.9,36.77,0
3291,Web,B,33.19,44.02,1
3292,Web,C,62.52,20.73,1
3293,Web,C,85.28,39.33,1
3294,Web,B,39.11,40.66,1
3295,Web,B,30.31,32.27,0
3296,Tienda,B,72.02,42.83,1
3297,Web,B,16.81,28.11,0
3298,Tienda,B,51.46,32.45,1
3299,Tienda,C,88.55,33.94,1
3300,Tienda,A,28.31,28.55,0
3301,Tienda,A,80.25,45.95,0
3302,Web,B,49.37,36.07,1
3303,Web,A,115.34,32.51,1
3304,Tienda,B,60.64,40.59,1
3305,Tienda,A,70.37,42.7,1
3306,Web,C,59.53,27.64,1
3307,Web,A,41.12,45.77,1
3308,Tienda,C,91.09,13.93,1
3309,Web,B,32.69,38.91,1
3310,Web,C,51.63,40.76,1
3311,Web,A,58.54,46.52,1
3312,Web,C,66.0,41.23,1
3313,Tienda,B,56.7,32.76,1
3314,Tienda,C,87.67,32.06,1
3315,Tienda,A,37.19,42.77,1
3316,Web,A,49.95,46.93,1
3317,Web,A,54.23,36.48,1
3318,Tienda,B,72.73,33.68,1
3319,Tienda,B,35.37,38.14,0
3320,Web,C,36.56,32.13,1
3321,Web,A,64.7,35.81,1
3322,Web,B,61.65,33.99,1
3323,Web,A,60.76,42.35,1
3324,Tienda,A,40.49,48.58,1
3325,Tienda,C,70.39,28.56,1
3326,Web,C,37.29,23.2,1
3327,Tienda,C,45.92,37.36,1
3328,Web,A,19.92,34.0,0
3329,Web,A,34.61,40.97,0
3330,Tienda,C,51.29,28.0,1
3331,Web,C,28.76,35.89,1
3332,Web,A,42.18,41.05,1
3333,Tienda,C,52.7,15.05,0
3334,Web,A,39.11,48.27,1
3335,Web,B,52.45,40.06,0
3336,Tienda,A,64.93,44.06,1
3337,Web,C,60.92,40.51,0
3338,Web,B,21.95,37.85,1
3339,Tienda,A,62.88,37.8,0
3340,Web,C,56.97,36.21,1
3341,Web,C,78.68,36.6,1
3342,Tienda,A,42.8,33.91,1
3343,Tienda,C,50.34,16.37,1
3344,Web,B,19.69,44.19,1
3345,Web,C,35.34,40.2,0
3346,Web,A,29.08,38.54,0
3347,Web,B,54.76,54.64,1
3348,Tienda,A,51.42,43.79,1
3349,Web,C,21.85,36.7,1
3350,Web,A,38.19,42.27,0
3351,Web,C,23.86,28.23,1
3352,Web,B,54.07,33.79,0
3353,Web,A,34.48,45.16,1
3354,Web,C,68.14,30.75,1
3355,Web,C,30.86,33.99,1
3356,Web,B,34.55,46.9,1
3357,Tienda,C,99.23,32.15,0
3358,Web,B,32.78,44.32,0
3359,Web,A,57.93,35.7,0
3360,Web,B,39.91,40.4,0
3361,Tienda,A,117.66,35.49,1
3362,Tienda,C,52.21,38.57,1
3363,Web,C,47.95,29.54,1
3364,Tienda,B,86.6,42.92,1
3365,Web,C,42.5,57.42,0
3366,Tienda,A,49.31,29.37,0
3367,Web,B,35.39,29.83,1
3368,Tienda,B,52.49,33.12,0
3369,Tienda,B,57.62,32.82,0
3370,Tienda,A,46.54,33.8,1
3371,Web,C,30.08,33.71,1
3372,Tienda,C,48.87,16.04,1
3373,Web,C,41.22,34.3,1
3374,Web,A,19.23,33.98,1
3375,Web,B,52.75,26.9,1
3376,Web,C,62.9,31.19,1
3377,Web,C,35.55,37.44,1
3378,Web,C,33.49,24.42,1
3379,Web,A,67.06,27.63,0
3380,Tienda,A,77.22,21.83,0
3381,Web,C,24.99,31.81,1
3382,Web,B,27.72,37.87,1
3383,Web,A,29.5,44.76,1
3384,Web,C,85.62,41.66,1
3385,Web,C,39.93,31.44,1
3386,Web,B,86.37,31.43,1
3387,Web,B,63.37,32.45,1
3388,Tienda,C,57.04,35.1,1
3389,Tienda,C,70.01,18.68,1
3390,Web,C,65.35,46.98,1
3391,Web,A,60.55,40.31,0
3392,Tienda,C,46.21,40.28,1
3393,Web,C,52.09,36.26,1
3394,Tienda,C,31.11,40.76,1
3395,Tienda,B,60.06,22.45,1
3396,Web,C,29.63,36.77,1
3397,Web,C,42.48,49.74,1
3398,Web,C,32.98,31.82,1
3399,Tienda,A,46.48,35.46,1
3400,Tienda,C,59.58,28.74,1
3401,Tienda,B,56.66,33.16,0
3402,Tienda,A,65.55,36.27,1
3403,Web,B,26.56,35.81,1
3404,Tienda,A,42.35,29.82,0
3405,Web,B,35.83,31.87,1
3406,Web,C,42.65,25.53,1
3407,Web,A,45.46,38.82,0
3408,Web,C,25.02,30.96,1
3409,Web,C,95.7,31.07,1
3410,Web,A,34.39,43.36,1
3411,Web,C,29.06,30.12,1
3412,Web,A,51.42,46.02,1
3413,Tienda,B,34.46,36.82,1
3414,Web,A,96.51,41.01,1
3415,Web,C,49.78,33.2,1
3416,Web,B,60.61,30.07,0
3417,Web,C,53.34,30.65,1
3418,Tienda,C,76.34,23.25,1
3419,Web,B,52.13,34.44,1
3420,Web,B,77.3,39.04,1
3421,Web,A,38.87,40.22,0
3422,Web,B,35.15,36.46,1
3423,Tienda,A,40.9,42.82,1
3424,Tienda,C,52.53,38.6,1
3425,Web,B,47.78,44.58,1
3426,Tienda,B,76.41,19.87,1
3427,Web,C,39.21,34.27,0
3428,Web,A,23.88,52.15,0
3429,Web,A,56.41,34.74,1
3430,Web,B,50.28,35.75,0
3431,Web,B,96.24,25.96,1
3432,Web,B,68.33,49.11,1
3433,Web,A,44.12,51.82,1
3434,Web,B,22.26,36.18,1
3435,Tienda,C,52.55,33.64,1
3436,Tienda,A,72.18,40.69,0
3437,Web,B,139.46,36.94,1
3438,Web,A,41.94,38.62,0
3439,Tienda,C,40.78,21.73,1
3440,Web,C,52.5,34.88,1
3441,Web,A,26.95,40.76,1
3442,Tienda,A,59.66,35.0,0
3443,Tienda,C,56.11,25.01,1
3444,Web,B,24.34,40.48,1
3445,Tienda,A,61.01,38.35,1
3446,Tienda,A,54.82,29.44,1
3447,Web,A,47.37,47.96,1
3448,Tienda,A,48.08,43.42,0
3449,Web,C,58.51,47.05,1
3450,Tienda,A,50.94,32.16,1
3451,Tienda,B,69.49,32.67,0
3452,Web,B,46.42,38.55,1
3453,Web,A,22.62,35.45,1
3454,Web,C,44.24,42.1,1
3455,Web,C,32.51,39.91,1
3456,Web,C,25.34,27.27,1
3457,Web,C,51.23,29.43,1
3458,Tienda,C,38.58,27.21,1
3459,Tienda,C,35.92,28.6,1
3460,Tienda,A,39.68,37.61,1
3461,Web,B,54.83,44.12,1
3462,Tienda,B,70.24,42.44,0
3463,Tienda,C,62.5,31.63,1
3464,Web,A,81.59,43.78,0
3465,Web,A,66.27,37.82,1
3466,Web,C,32.16,29.74,1
3467,Web,A,51.48,42.24,1
3468,Tienda,B,57.28,41.46,1
3469,Web,C,32.43,34.35,1
3470,Web,A,91.71,37.99,1
3471,Web,A,16.19,21.85,1
3472,Web,B,38.24,39.25,1
3473,Web,A,38.49,39.34,1
3474,Web,C,89.57,29.82,1
3475,Web,C,42.11,30.46,0
3476,Web,C,113.3,35.69,0
3477,Web,A,49.73,36.67,1
3478,Web,C,57.44,32.41,1
3479,Tienda,C,51.15,28.71,1
3480,Tienda,B,50.87,17.91,1
3481,Web,A,70.92,40.17,1
3482,Web,C,20.47,37.47,1
3483,Web,A,14.88,42.91,1
3484,Web,A,38.97,35.7,1
3485,Web,A,35.46,53.43,1
3486,Web,B,51.81,33.05,1
3487,Web,A,48.72,45.52,1
3488,Web,A,73.36,34.8,1
3489,Tienda,C,76.2,27.36,1
3490,Web,A,47.24,51.43,1
3491,Web,A,27.82,38.94,1
3492,Web,B,70.52,45.87,1
3493,Tienda,C,62.66,34.57,1
3494,Web,A,30.56,38.86,1
3495,Web,C,34.0,25.16,0
3496,Web,C,57.21,28.34,1
3497,Tienda,C,53.69,27.08,1
3498,Web,C,29.96,32.7,0
3499,Web,C,17.96,30.23,1
3500,Web,C,41.26,34.85,1
3501,Web,B,24.13,48.12,0
3502,Web,A,32.54,26.6,1
3503,Web,A,27.29,38.14,1
3504,Web,B,36.76,34.11,1
3505,Tienda,C,77.78,29.84,1
3506,Web,A,66.69,40.41,1
3507,Web,C,24.46,29.91,1
3508,Web,C,50.76,39.37,1
3509,Web,B,38.52,34.27,1
3510,Tienda,C,97.83,35.36,1
3511,Web,B,32.46,50.18,1
3512,Web,C,63.37,18.01,1
3513,Tienda,A,39.32,30.32,1
3514,Tienda,C,56.13,31.01,1
3515,Web,A,56.62,45.46,1
3516,Web,C,26.29,42.64,0
3517,Tienda,A,32.41,35.27,1
3518,Web,C,68.94,34.2,1
3519,Web,B,51.58,32.25,1
3520,Tienda,C,46.89,31.91,1
3521,Web,C,50.0,43.26,1
3522,Web,B,42.75,48.76,1
3523,Web,C,74.82,37.93,1
3524,Web,C,31.43,24.7,1
3525,Web,B,66.42,31.09,0
3526,Tienda,C,50.86,43.58,1
3527,Web,B,31.62,38.39,0
3528,Tienda,C,87.73,20.08,1
3529,Web,A,45.47,50.19,1
3530,Web,C,40.16,39.76,0
3531,Web,B,44.94,41.92,1
3532,Web,B,40.89,41.5,1
3533,Web,A,54.48,46.13,1
3534,Web,C,42.44,36.03,1
3535,Web,A,35.45,32.11,1
3536,Tienda,B,64.22,26.4,0
3537,Web,A,25.85,47.7,0
3538,Tienda,A,60.93,32.76,1
3539,Web,A,40.26,43.43,0
3540,Tienda,C,39.54,43.92,0
3541,Web,C,55.96,23.08,1
3542,Tienda,C,40.69,46.09,1
3543,Web,C,38.98,43.75,0
3544,Web,A,78.34,38.18,1
3545,Web,B,43.28,44.91,1
3546,Web,C,33.6,48.91,0
3547,Web,B,37.26,33.88,1
3548,Web,A,23.85,50.84,1
3549,Web,B,71.99,32.35,0
3550,Tienda,C,49.08,42.32,1
3551,Web,B,21.51,40.71,1
3552,Web,A,60.04,29.88,1
3553,Web,C,62.68,38.91,1
3554,Tienda,B,43.71,37.41,0
3555,Web,A,49.29,33.43,1
3556,Web,A,53.6,47.21,0
3557,Web,A,19.99,43.51,0
3558,Web,C,51.86,36.27,1
3559,Web,B,50.61,31.06,1
3560,Web,A,73.0,31.87,1
3561,Web,B,62.61,44.3,1
3562,Web,C,44.63,32.92,1
3563,Web,B,23.76,27.65,1
3564,Web,C,37.12,34.63,1
3565,Web,C,64.12,37.83,1
3566,Web,A,62.53,50.93,1
3567,Web,A,32.73,51.54,1
3568,Tienda,B,39.95,36.08,1
3569,Tienda,A,75.04,33.87,1
3570,Web,A,37.79,49.96,1
3571,Web,B,34.99,32.1,0
3572,Web,B,62.73,45.12,0
3573,Tienda,C,65.61,26.11,1
3574,Web,C,55.98,19.65,1
3575,Tienda,B,43.23,26.29,0
3576,Web,B,45.08,33.36,1
3577,Tienda,B,46.01,30.74,1
3578,Web,B,26.29,42.82,0
3579,Web,B,76.7,27.55,1
3580,Web,A,35.41,43.16,1
3581,Web,A,46.95,36.71,1
3582,Web,C,39.73,28.61,1
3583,Web,B,83.39,40.81,1
3584,Web,A,38.41,33.29,1
3585,Web,A,22.75,44.49,1
3586,Web,C,41.32,25.47,1
3587,Tienda,B,41.19,41.27,1
3588,Web,A,62.7,37.89,1
3589,Web,B,41.92,44.27,1
3590,Web,B,47.73,41.18,0
3591,Web,B,29.22,35.25,1
3592,Web,B,77.76,31.57,1
3593,Web,C,71.67,19.07,0
3594,Tienda,A,43.49,33.36,1
3595,Web,C,60.77,26.14,1
3596,Web,B,55.07,41.06,1
3597,Tienda,C,61.78,26.74,0
3598,Tienda,A,33.27,30.48,1
3599,Web,C,29.98,22.61,1
3600,Tienda,B,27.34,38.28,1
3601,Web,A,47.99,37.99,1
3602,Tienda,A,36.14,45.23,1
3603,Tienda,C,64.72,41.59,1
3604,Web,C,70.26,39.28,0
3605,Tienda,B,39.53,38.78,0
3606,Tienda,B,36.88,30.32,1
3607,Tienda,A,111.63,36.1,1
3608,Tienda,C,31.16,29.25,1
3609,Web,B,34.72,39.56,1
3610,Web,A,42.65,34.55,1
3611,Web,B,59.42,25.94,1
3612,Web,B,23.32,46.68,1
3613,Web,B,51.89,36.96,0
3614,Web,C,41.93,29.08,1
3615,Web,C,39.82,42.84,0
3616,Web,C,78.85,29.86,1
3617,Tienda,C,52.63,29.03,1
3618,Web,A,35.96,30.16,1
3619,Web,C,34.1,36.78,1
3620,Tienda,B,55.1,27.84,1
3621,Web,A,77.56,38.51,0
3622,Web,C,30.61,32.02,1
3623,Web,B,67.03,39.58,1
3624,Web,B,69.1,42.66,1
3625,Tienda,A,66.32,30.76,1
3626,Web,C,49.56,38.97,1
3627,Tienda,B,72.22,25.9,1
3628,Web,A,25.13,31.31,1
3629,Web,B,60.12,32.94,1
3630,Tienda,C,52.9,32.8,1
3631,Tienda,B,79.89,32.19,1
3632,Web,A,29.94,43.54,1
3633,Web,B,61.2,45.19,1
3634,Web,B,32.04,52.59,0
3635,Web,B,74.78,38.02,1
3636,Web,B,50.81,37.05,1
3637,Tienda,C,58.43,31.58,1
3638,Tienda,B,47.02,15.23,1
3639,Tienda,B,60.88,40.74,0
3640,Web,B,57.75,34.55,0
3641,Tienda,B,38.64,28.62,1
3642,Web,C,74.46,39.86,1
3643,Web,A,138.57,51.16,1
3644,Tienda,C,104.34,25.15,1
3645,Tienda,A,86.04,41.91,0
3646,Web,A,38.87,36.83,0
3647,Web,A,87.04,35.71,0
3648,Tienda,B,63.91,30.84,1
3649,Tienda,C,32.88,35.0,1
3650,Tienda,C,47.46,24.02,0
3651,Web,A,68.52,27.45,1
3652,Tienda,C,44.27,27.33,1
3653,Web,B,39.71,31.6,1
3654,Tienda,A,36.65,36.19,1
3655,Web,B,99.62,47.89,1
3656,Web,A,34.81,44.01,0
3657,Tienda,A,63.03,34.41,1
3658,Web,B,31.75,23.07,1
3659,Tienda,A,46.39,29.88,1
3660,Tienda,A,74.52,30.93,1
3661,Tienda,C,46.8,25.23,1
3662,Web,C,39.65,50.62,1
3663,Web,B,75.38,34.7,1
3664,Tienda,C,35.37,49.24,0
3665,Web,B,101.64,31.93,1
3666,Tienda,C,49.36,27.59,1
3667,Tienda,A,54.42,51.14,1
3668,Web,C,37.89,30.56,1
3669,Tienda,A,92.2,31.56,0
3670,Web,A,63.08,42.81,1
3671,Tienda,A,66.95,33.84,1
3672,Tienda,C,55.47,17.54,1
3673,Web,B,50.35,31.42,0
3674,Web,A,42.12,48.97,0
3675,Web,B,42.56,43.56,1
3676,Web,C,54.55,38.38,1
3677,Web,C,49.46,44.47,1
3678,Web,C,37.37,42.66,0
3679,Web,B,28.45,23.68,0
3680,Tienda,A,69.0,34.91,1
3681,Web,A,34.03,50.99,0
3682,Web,C,26.66,37.83,1
3683,Web,B,50.53,37.48,1
3684,Web,B,53.87,29.0,1
3685,Tienda,A,22.45,36.69,1
3686,Tienda,C,110.19,39.46,1
3687,Web,A,46.44,54.73,1
3688,Web,B,79.66,32.31,1
3689,Web,B,50.61,36.0,1
3690,Web,A,46.82,21.95,1
3691,Web,C,74.82,28.18,1
3692,Web,C,34.51,29.8,1
3693,Tienda,B,47.97,37.07,0
3694,Web,A,29.33,44.62,0
3695,Web,B,41.34,29.45,1
3696,Tienda,A,58.2,25.8,0
3697,Web,C,39.67,30.98,0
3698,Web,A,56.01,39.37,1
3699,Tienda,A,27.4,41.01,1
3700,Web,C,51.0,37.38,1
3701,Tienda,C,43.86,34.95,1
3702,Web,B,41.46,40.15,0
3703,Web,B,35.65,38.17,1
3704,Web,B,63.36,32.11,0
3705,Tienda,B,55.15,25.87,1
3706,Tienda,C,61.74,40.09,1
3707,Web,B,50.11,34.36,0
3708,Tienda,B,60.66,31.89,0
3709,Web,C,20.97,35.71,0
3710,Tienda,B,45.56,29.32,1
3711,Tienda,A,56.42,24.34,1
3712,Tienda,A,41.53,31.72,0
3713,Web,B,103.73,29.22,1
3714,Web,A,45.53,34.66,1
3715,Tienda,C,36.8,25.86,1
3716,Web,C,42.07,40.56,1
3717,Web,B,53.33,36.55,1
3718,Tienda,C,98.97,34.47,1
3719,Tienda,B,75.06,36.33,1
3720,Web,C,51.81,30.7,0
3721,Web,B,101.42,30.52,1
3722,Web,B,38.68,33.67,1
3723,Tienda,C,28.68,14.63,1
3724,Web,B,33.0,48.68,1
3725,Web,B,64.77,31.05,1
3726,Web,B,55.29,35.55,1
3727,Tienda,A,83.01,34.69,1
3728,Tienda,C,104.57,34.15,1
3729,Web,C,51.22,43.54,1
3730,Web,C,41.99,44.68,1
3731,Web,A,21.23,38.07,1
3732,Web,A,71.19,37.51,1
3733,Tienda,A,68.83,41.73,1
3734,Tienda,A,90.65,32.14,0
3735,Web,C,50.02,28.38,0
3736,Web,A,28.88,36.46,0
3737,Web,A,32.33,38.18,1
3738,Tienda,C,46.46,22.59,1
3739,Tienda,C,33.3,34.2,1
3740,Tienda,B,59.03,29.77,1
3741,Tienda,C,38.62,35.15,1
3742,Tienda,C,71.09,24.21,1
3743,Web,B,58.12,33.79,1
3744,Web,B,39.05,35.6,1
3745,Web,A,42.76,35.69,0
3746,Web,B,41.27,33.28,0
3747,Web,A,52.81,49.03,1
3748,Web,A,21.85,35.54,1
3749,Tienda,C,35.32,30.38,1
3750,Web,A,50.53,36.93,0
3751,Web,C,37.37,39.94,1
3752,Web,B,126.41,46.85,1
3753,Web,B,55.64,40.39,1
3754,Web,C,59.42,39.03,1
3755,Tienda,A,35.93,33.48,1
3756,Web,C,38.78,38.87,1
3757,Tienda,A,40.29,37.59,0
3758,Web,C,46.27,35.33,1
3759,Web,B,57.76,42.32,1
3760,Web,A,68.75,39.46,1
3761,Tienda,C,110.75,34.99,1
3762,Web,B,36.03,42.21,1
3763,Tienda,A,67.02,40.84,0
3764,Web,A,37.17,24.46,1
3765,Tienda,A,69.67,39.47,1
3766,Web,A,35.46,52.29,1
3767,Web,C,48.45,30.19,1
3768,Tienda,B,41.47,27.36,1
3769,Web,B,41.38,44.3,1
3770,Web,B,47.8,39.99,1
3771,Web,A,39.88,46.77,1
3772,Tienda,A,23.24,31.32,1
3773,Web,A,42.06,37.69,1
3774,Web,A,46.48,50.55,1
3775,Web,A,69.24,41.79,1
3776,Web,A,86.81,43.81,0
3777,Web,C,47.41,39.27,1
3778,Web,C,25.64,31.66,0
3779,Web,C,55.44,27.34,1
3780,Tienda,C,40.31,21.44,1
3781,Tienda,A,67.27,35.53,0
3782,Web,C,33.84,42.25,1
3783,Web,A,42.68,37.62,1
3784,Web,A,29.61,25.66,1
3785,Web,A,25.88,46.68,0
3786,Tienda,B,92.41,22.13,1
3787,Web,A,73.38,46.62,0
3788,Web,C,24.4,33.44,1
3789,Tienda,C,57.81,32.45,1
3790,Web,A,41.46,38.73,0
3791,Web,C,35.27,26.78,1
3792,Web,A,77.53,55.41,0
3793,Web,A,22.74,39.09,1
3794,Web,B,33.68,31.87,0
3795,Tienda,B,47.61,40.28,1
3796,Web,B,36.88,41.73,1
3797,Web,B,46.53,47.08,1
3798,Tienda,A,51.46,43.98,0
3799,Web,B,29.9,43.68,1
3800,Tienda,A,61.93,39.13,0
3801,Web,B,54.48,42.15,1
3802,Tienda,A,35.68,35.1,1
3803,Tienda,A,82.14,39.97,1
3804,Tienda,A,55.26,28.08,1
3805,Web,C,61.19,30.25,1
3806,Tienda,A,80.49,44.29,0
3807,Web,C,35.92,30.03,1
3808,Tienda,B,45.07,33.47,1
3809,Tienda,B,23.0,39.67,1
3810,Web,B,42.09,40.17,1
3811,Web,A,56.91,55.51,0
3812,Web,C,40.47,33.17,1
3813,Tienda,C,51.61,35.35,1
3814,Web,B,62.82,36.87,1
3815,Web,C,55.18,42.32,1
3816,Web,C,58.86,28.33,1
3817,Web,B,31.23,43.53,1
3818,Tienda,B,47.88,19.84,1
3819,Tienda,A,48.4,36.88,0
3820,Tienda,C,44.86,32.65,1
3821,Tienda,A,50.7,30.04,1
3822,Tienda,A,63.69,35.98,1
3823,Web,C,68.23,24.12,1
3824,Tienda,C,32.58,29.74,1
3825,Web,A,32.63,41.19,1
3826,Tienda,B,43.88,19.41,1
3827,Tienda,B,51.97,27.98,1
3828,Tienda,A,131.64,41.77,1
3829,Web,C,33.85,33.42,1
3830,Web,A,32.03,39.78,1
3831,Web,A,58.71,31.11,1
3832,Tienda,B,53.99,26.89,1
3833,Tienda,B,51.97,31.65,1
3834,Web,B,92.21,27.58,0
3835,Web,C,38.95,39.86,0
3836,Web,A,32.52,49.11,1
3837,Tienda,A,41.73,36.09,1
3838,Web,C,23.42,31.17,1
3839,Web,C,43.25,46.03,1
3840,Web,C,51.53,31.47,0
3841,Web,C,31.16,13.95,1
3842,Web,A,36.48,35.44,0
3843,Tienda,A,57.75,36.06,1
3844,Tienda,C,50.23,35.54,1
3845,Web,A,31.87,28.66,0
3846,Tienda,A,28.98,32.52,1
3847,Tienda,A,68.94,42.44,1
3848,Web,B,38.07,36.75,1
3849,Tienda,B,51.2,32.27,0
3850,Tienda,A,35.72,27.99,1
3851,Web,C,41.88,28.89,1
3852,Web,B,103.07,29.56,0
3853,Web,C,59.67,33.36,0
3854,Web,B,62.25,43.28,0
3855,Web,B,68.82,30.97,1
3856,Web,A,79.1,32.5,0
3857,Web,B,39.83,42.82,1
3858,Web,B,38.27,34.26,1
3859,Tienda,A,88.61,34.7,1
3860,Web,C,62.12,40.52,1
3861,Web,A,43.45,37.34,1
3862,Tienda,B,45.24,32.92,1
3863,Web,A,53.97,51.01,0
3864,Web,B,45.16,44.77,1
3865,Web,A,22.05,28.04,0
3866,Web,C,71.77,54.72,1
3867,Web,C,59.01,38.98,1
3868,Tienda,C,79.27,25.86,1
3869,Web,A,31.51,48.74,0
3870,Web,B,43.32,40.11,0
3871,Web,C,59.16,36.07,1
3872,Web,A,112.86,31.0,1
3873,Web,C,90.72,47.05,1
3874,Web,A,65.7,39.92,1
3875,Web,C,65.19,35.37,1
3876,Web,C,43.34,48.14,1
3877,Web,B,52.25,30.2,1
3878,Web,A,33.95,42.93,1
3879,Tienda,B,57.72,28.81,1
3880,Web,C,30.51,20.56,0
3881,Web,C,56.98,31.12,1
3882,Tienda,C,33.64,37.43,1
3883,Web,B,30.67,42.0,1
3884,Web,C,67.86,34.14,1
3885,Tienda,A,47.09,38.17,0
3886,Web,B,53.0,27.38,0
3887,Tienda,A,37.56,45.56,1
3888,Tienda,B,42.64,26.68,0
3889,Web,B,40.3,47.56,1
3890,Web,B,53.88,34.74,1
3891,Tienda,C,61.05,41.92,1
3892,Web,B,79.68,32.95,1
3893,Web,C,31.45,39.42,1
3894,Web,A,58.5,38.04,0
3895,Web,A,57.65,35.81,1
3896,Tienda,A,43.45,38.24,1
3897,Web,A,47.97,29.26,0
3898,Tienda,A,84.0,22.02,0
3899,Tienda,B,45.05,30.49,1
3900,Web,A,66.47,49.74,0
3901,Web,A,42.21,41.36,1
3902,Tienda,B,57.4,31.4,0
3903,Tienda,A,44.71,47.22,1
3904,Web,C,42.87,45.32,1
3905,Web,A,40.3,43.91,0
3906,Tienda,A,40.41,39.54,0
3907,Tienda,A,75.78,45.54,0
3908,Tienda,A,61.35,52.05,0
3909,Web,C,57.31,28.95,1
3910,Web,C,42.41,30.3,1
3911,Web,C,52.7,26.62,0
3912,Tienda,B,67.27,25.67,1
3913,Tienda,C,62.27,32.59,1
3914,Web,C,41.14,31.39,1
3915,Web,C,117.61,38.75,1
3916,Web,A,43.25,49.36,1
3917,Web,C,19.31,37.74,1
3918,Tienda,C,48.57,29.84,0
3919,Web,A,25.95,52.5,1
3920,Web,C,17.85,48.03,1
3921,Web,A,37.02,31.41,1
3922,Web,B,130.16,26.4,1
3923,Web,A,19.52,39.43,1
3924,Web,A,39.52,34.0,1
3925,Web,C,31.87,37.63,1
3926,Web,C,28.27,34.01,1
3927,Web,A,27.26,34.89,0
3928,Tienda,C,63.83,34.89,1
3929,Web,A,26.34,43.46,1
3930,Web,A,65.52,39.8,1
3931,Tienda,A,77.87,37.86,1
3932,Web,C,103.21,30.14,1
3933,Web,B,53.95,26.74,1
3934,Web,A,50.1,38.84,1
3935,Tienda,A,66.24,26.9,0
3936,Web,C,79.06,53.16,0
3937,Web,C,63.49,23.05,0
3938,Tienda,C,72.73,22.85,1
3939,Web,A,44.26,43.79,1
3940,Web,A,48.71,31.31,1
3941,Tienda,C,69.41,17.9,0
3942,Web,C,26.52,31.97,1
3943,Tienda,A,68.39,39.51,1
3944,Web,B,52.25,45.98,1
3945,Tienda,B,46.58,39.53,1
3946,Web,B,24.29,44.16,1
3947,Tienda,B,92.86,16.73,1
3948,Tienda,B,40.22,37.13,1
3949,Web,A,27.96,38.34,0
3950,Web,B,35.56,31.82,0
3951,Web,C,46.48,32.87,1
3952,Tienda,B,51.71,39.96,1
3953,Tienda,C,50.52,21.59,1
3954,Tienda,C,30.4,37.26,0
3955,Web,C,31.34,36.49,1
3956,Tienda,C,69.15,27.13,1
3957,Tienda,A,54.06,39.43,1
3958,Tienda,C,61.23,31.67,1
3959,Web,C,49.88,28.89,1
3960,Web,A,14.52,30.64,1
3961,Web,A,35.59,34.44,0
3962,Tienda,B,53.48,39.57,1
3963,Tienda,A,52.2,48.21,0
3964,Web,C,58.82,47.55,1
3965,Web,A,89.28,54.0,1
3966,Web,C,38.66,31.63,1
3967,Web,A,40.79,40.34,0
3968,Tienda,C,66.2,35.88,0
3969,Web,A,80.43,40.08,0
3970,Tienda,C,87.76,41.52,1
3971,Web,B,104.06,41.67,1
3972,Web,A,44.3,51.73,1
3973,Web,A,27.78,49.42,1
3974,Tienda,C,55.19,28.3,1
3975,Web,B,78.51,39.56,1
3976,Web,C,56.94,36.25,1
3977,Web,C,62.83,45.12,1
3978,Web,C,58.22,22.22,1
3979,Tienda,C,80.48,37.66,1
3980,Web,C,84.31,33.57,1
3981,Tienda,C,39.49,28.68,1
3982,Tienda,C,51.79,32.58,1
3983,Tienda,A,62.56,43.83,1
3984,Tienda,C,44.82,28.23,1
3985,Tienda,B,47.63,30.7,0
3986,Web,A,45.27,38.56,1
3987,Web,C,44.39,40.11,1
3988,Web,B,62.92,33.54,1
3989,Web,C,59.15,32.8,1
3990,Tienda,A,31.07,31.28,1
3991,Web,B,45.6,38.23,0
3992,Web,C,27.47,20.25,1
3993,Web,A,30.93,44.21,1
3994,Tienda,A,42.34,34.96,1
3995,Tienda,A,48.91,48.48,0
3996,Web,C,27.21,41.7,1
3997,Web,B,69.87,49.96,1
3998,Web,C,39.58,38.29,1
3999,Web,A,67.56,44.41,1
4000,Tienda,A,62.96,42.61,1
4001,Tienda,A,51.78,43.64,1
4002,Tienda,A,35.77,34.27,1
4003,Web,B,78.92,31.84,0
4004,Web,A,33.84,40.4,0
4005,Web,C,49.39,34.98,1
4006,Tienda,B,34.91,40.58,0
4007,Web,C,51.7,36.03,1
4008,Tienda,C,81.9,30.97,1
4009,Web,C,67.39,29.9,1
4010,Web,B,27.67,42.45,0
4011,Web,C,62.73,43.75,1
4012,Web,B,75.46,29.4,1
4013,Web,A,48.48,27.55,1
4014,Web,A,41.82,45.7,1
4015,Web,A,28.33,42.66,0
4016,Tienda,A,43.31,33.48,1
4017,Tienda,A,38.83,35.86,1
4018,Web,C,30.7,38.62,1
4019,Web,B,41.15,40.75,1
4020,Web,B,45.74,39.35,1
4021,Web,B,40.82,26.33,0
4022,Web,B,47.73,50.05,1
4023,Web,A,58.68,39.43,1
4024,Tienda,A,61.45,33.0,1
4025,Tienda,A,84.92,45.69,1
4026,Web,B,41.34,43.16,0
4027,Web,A,38.25,51.95,1
4028,Web,C,47.59,38.61,0
4029,Tienda,B,51.02,36.76,0
4030,Tienda,A,37.63,33.86,1
4031,Web,B,49.04,40.74,0
4032,Web,C,47.27,33.28,0
4033,Web,B,19.7,41.21,1
4034,Web,C,26.35,43.55,1
4035,Web,C,77.66,29.85,1
4036,Web,B,73.73,38.2,0
4037,Web,C,60.95,23.69,1
4038,Web,A,69.01,40.93,1
4039,Web,B,28.56,38.23,1
4040,Tienda,C,68.04,34.71,1
4041,Web,B,42.15,24.88,1
4042,Web,B,19.91,22.12,1
4043,Web,A,32.54,33.56,1
4044,Web,C,39.62,33.84,1
4045,Tienda,C,43.39,27.43,1
4046,Web,C,21.54,35.18,1
4047,Tienda,B,97.13,31.37,1
4048,Tienda,C,53.6,33.78,0
4049,Tienda,B,38.92,31.84,0
4050,Tienda,C,41.71,16.97,1
4051,Web,B,25.58,34.39,1
4052,Tienda,A,62.71,25.76,1
4053,Tienda,C,27.67,34.68,1
4054,Tienda,B,37.6,45.9,1
4055,Web,B,51.67,36.94,1
4056,Web,C,34.66,40.82,1
4057,Tienda,A,22.52,33.85,1
4058,Web,C,38.98,28.82,1
4059,Web,A,63.42,41.7,1
4060,Tienda,A,41.47,39.64,1
4061,Web,A,40.46,38.74,0
4062,Web,C,80.81,25.77,1
4063,Web,C,53.73,43.98,1
4064,Tienda,B,80.73,24.5,1
4065,Tienda,A,30.51,43.96,1
4066,Tienda,C,69.04,20.1,1
4067,Web,A,25.16,32.22,1
4068,Web,A,86.47,46.39,0
4069,Web,A,46.66,37.92,1
4070,Web,A,24.15,41.33,1
4071,Web,C,31.86,37.77,0
4072,Web,B,34.97,40.17,0
4073,Web,A,22.0,49.21,0
4074,Web,B,25.94,41.87,1
4075,Web,B,32.77,44.53,1
4076,Web,C,47.95,29.24,1
4077,Web,B,69.16,45.75,1
4078,Tienda,A,27.99,33.35,0
4079,Web,B,84.92,43.17,1
4080,Tienda,B,41.11,31.55,1
4081,Web,B,21.81,30.36,1
4082,Tienda,C,49.08,35.96,1
4083,Web,B,40.34,18.33,1
4084,Tienda,A,56.97,47.82,1
4085,Web,C,30.63,33.56,1
4086,Web,B,27.58,29.58,1
4087,Web,A,33.93,34.33,0
4088,Web,C,75.67,34.01,1
4089,Tienda,C,44.4,38.51,1
4090,Web,B,36.13,42.67,1
4091,Web,A,64.11,40.88,0
4092,Web,A,55.57,50.95,1
4093,Web,C,36.96,39.06,1
4094,Web,A,50.75,29.83,1
4095,Tienda,A,34.28,32.68,0
4096,Web,B,60.12,39.03,1
4097,Tienda,C,71.79,34.62,1
4098,Web,A,68.25,47.04,1
4099,Web,B,32.7,27.12,1
4100,Tienda,A,41.87,42.22,1
4101,Tienda,C,49.35,20.8,1
4102,Tienda,C,51.52,21.28,1
4103,Web,B,29.89,34.77,1
4104,Web,A,44.51,39.17,1
4105,Tienda,C,84.14,32.18,1
4106,Web,B,31.79,33.72,1
4107,Web,C,28.84,36.59,0
4108,Web,A,46.04,48.77,0
4109,Web,A,42.71,42.83,1
4110,Tienda,B,68.68,26.8,1
4111,Web,C,52.58,47.64,1
4112,Web,B,44.29,27.45,1
4113,Web,A,46.82,34.98,1
4114,Web,B,53.74,40.43,1
4115,Web,C,52.98,23.02,1
4116,Web,C,42.61,36.78,0
4117,Tienda,B,60.9,38.46,1
4118,Tienda,B,79.2,29.3,1
4119,Web,A,39.61,39.94,0
4120,Tienda,B,42.53,29.39,1
4121,Web,B,75.48,27.93,1
4122,Tienda,A,43.59,39.59,1
4123,Web,C,68.35,41.15,0
4124,Web,A,34.26,28.96,1
4125,Web,C,54.32,41.69,1
4126,Tienda,B,47.8,29.17,0
4127,Web,A,41.62,44.72,0
4128,Tienda,A,56.39,39.82,1
4129,Tienda,B,50.2,44.05,1
4130,Web,C,27.76,27.69,1
4131,Web,B,44.66,38.53,1
4132,Tienda,B,25.63,21.09,1
4133,Web,B,37.43,32.19,1
4134,Web,B,20.04,46.8,1
4135,Web,A,65.74,39.85,0
4136,Tienda,B,39.5,32.4,0
4137,Web,A,69.34,46.65,0
4138,Web,C,37.46,24.07,1
4139,Web,C,47.39,42.91,1
4140,Tienda,C,50.74,32.01,0
4141,Tienda,A,35.93,33.94,0
4142,Web,C,25.05,35.89,1
4143,Web,A,29.27,29.49,1
4144,Web,B,49.81,47.01,1
4145,Web,B,42.76,27.75,1
4146,Web,C,54.08,38.61,1
4147,Web,C,35.71,34.15,0
4148,Web,B,35.63,41.21,1
4149,Tienda,B,78.99,41.95,1
4150,Web,A,64.2,37.98,1
4151,Web,B,50.29,26.38,1
4152,Web,A,71.07,28.05,1
4153,Tienda,A,37.31,36.39,1
4154,Web,B,54.95,28.71,1
4155,Tienda,B,99.17,38.41,1
4156,Web,C,56.44,37.32,1
4157,Tienda,C,43.94,37.88,1
4158,Web,B,78.42,36.44,1
4159,Web,C,35.02,37.82,1
4160,Web,B,25.45,36.09,1
4161,Web,A,21.72,39.01,1
4162,Web,C,35.27,41.16,0
4163,Web,B,52.65,32.7,1
4164,Web,A,51.99,38.33,1
4165,Web,B,41.09,26.15,1
4166,Web,C,52.93,39.97,1
4167,Web,C,23.35,47.88,1
4168,Web,B,64.57,33.91,1
4169,Web,C,33.88,42.14,1
4170,Web,C,35.77,24.61,1
4171,Tienda,C,52.04,27.45,1
4172,Web,A,35.44,48.86,0
4173,Tienda,B,43.87,31.17,1
4174,Web,A,45.56,32.45,0
4175,Web,C,63.15,37.07,1
4176,Web,C,66.42,36.96,0
4177,Tienda,C,62.2,34.77,0
4178,Web,B,57.38,33.3,1
4179,Web,A,67.29,41.79,1
4180,Tienda,C,63.73,23.15,1
4181,Tienda,B,97.84,28.68,1
4182,Web,A,67.34,38.94,1
4183,Web,B,44.66,28.53,1
4184,Web,B,45.51,28.76,1
4185,Web,A,40.78,33.4,0
4186,Web,C,39.32,34.78,1
4187,Web,C,68.41,40.47,1
4188,Tienda,B,38.31,37.17,1
4189,Web,A,87.97,48.11,1
4190,Tienda,B,81.42,26.29,1
4191,Web,B,49.2,38.13,1
4192,Web,B,48.25,37.72,1
4193,Web,B,25.32,30.56,0
4194,Web,B,36.71,32.23,1
4195,Tienda,C,66.21,36.36,1
4196,Web,B,25.1,30.98,1
4197,Web,A,36.4,57.28,1
4198,Tienda,A,59.16,46.18,1
4199,Web,B,47.62,30.13,1
4200,Web,A,27.82,42.49,0
4201,Web,A,60.42,46.75,1
4202,Web,B,45.9,39.4,1
4203,Tienda,C,79.78,29.41,1
4204,Web,A,52.71,51.06,1
4205,Web,B,58.21,34.32,1
4206,Web,B,97.38,47.14,1
4207,Tienda,C,53.15,32.19,1
4208,Web,B,58.16,32.39,1
4209,Web,A,37.09,36.5,0
4210,Tienda,B,109.57,37.28,1
4211,Web,B,25.37,34.57,0
4212,Web,B,64.82,27.71,0
4213,Web,C,68.38,30.31,1
4214,Tienda,C,43.51,34.79,0
4215,Web,C,32.82,46.37,1
4216,Tienda,B,38.64,43.71,0
4217,Web,B,50.16,32.31,1
4218,Tienda,B,46.07,37.18,1
4219,Web,C,54.18,25.97,1
4220,Web,C,61.32,32.82,1
4221,Web,A,36.54,41.98,1
4222,Web,A,53.43,58.51,0
4223,Web,C,40.83,39.82,1
4224,Tienda,A,57.91,30.14,0
4225,Web,C,31.93,30.76,0
4226,Web,A,72.2,40.25,1
4227,Web,A,50.49,38.07,1
4228,Tienda,A,36.0,37.12,1
4229,Web,A,65.85,48.62,1
4230,Web,A,41.26,35.93,1
4231,Tienda,A,32.68,33.03,1
4232,Web,A,22.11,46.68,0
4233,Tienda,B,59.76,25.7,1
4234,Web,C,32.16,38.25,1
4235,Tienda,B,108.95,29.79,1
4236,Tienda,A,32.9,26.77,0
4237,Tienda,A,65.22,37.51,1
4238,Web,A,19.6,42.82,1
4239,Web,A,27.74,49.75,0
4240,Web,A,33.34,29.92,1
4241,Tienda,B,35.81,31.44,1
4242,Web,A,52.39,39.42,1
4243,Web,B,29.31,37.02,1
4244,Web,B,79.44,42.11,1
4245,Web,B,42.95,38.11,0
4246,Tienda,C,77.27,28.77,0
4247,Tienda,A,34.39,31.13,1
4248,Web,B,84.1,39.88,1
4249,Web,C,39.96,31.12,1
4250,Web,B,44.25,30.72,1
4251,Web,C,77.06,30.69,1
4252,Web,A,33.89,39.68,0
4253,Web,B,33.32,44.13,1
4254,Web,A,31.95,36.52,1
4255,Tienda,A,39.61,42.04,1
4256,Web,C,47.73,39.95,0
4257,Web,A,75.62,50.25,1
4258,Web,B,85.38,49.6,1
4259,Web,A,94.21,56.25,1
4260,Tienda,C,71.74,38.44,1
4261,Web,A,66.51,48.87,1
4262,Tienda,A,41.94,48.93,1
4263,Web,C,25.24,29.87,1
4264,Tienda,B,50.59,37.88,0
4265,Web,C,31.46,24.94,1
4266,Web,B,29.38,27.99,1
4267,Tienda,B,30.36,27.31,0
4268,Tienda,B,51.87,42.27,1
4269,Web,C,83.6,37.15,1
4270,Web,A,56.7,51.25,0
4271,Web,B,35.92,24.43,0
4272,Web,C,34.94,31.84,1
4273,Tienda,C,70.1,30.47,1
4274,Web,C,54.8,45.83,1
4275,Web,C,65.03,43.53,1
4276,Web,C,37.78,31.72,1
4277,Web,A,54.18,42.51,1
4278,Tienda,C,106.0,27.89,1
4279,Web,B,60.72,44.17,1
4280,Tienda,C,44.19,33.62,1
4281,Tienda,A,39.11,45.12,1
4282,Web,C,75.98,46.17,1
4283,Tienda,C,80.28,24.57,1
4284,Tienda,B,73.07,36.79,1
4285,Tienda,A,31.31,38.94,1
4286,Web,B,34.13,40.54,1
4287,Web,C,42.01,31.37,1
4288,Web,C,67.77,31.78,1
4289,Web,C,24.84,40.26,1
4290,Web,B,89.84,36.68,1
4291,Tienda,C,52.75,39.88,1
4292,Web,C,14.35,32.67,1
4293,Tienda,C,118.81,31.33,1
4294,Tienda,A,65.26,27.84,1
4295,Tienda,B,48.24,29.37,0
4296,Web,B,25.58,34.79,1
4297,Tienda,C,35.82,24.64,1
4298,Web,C,21.96,32.4,1
4299,Web,C,90.75,31.57,1
4300,Web,B,26.94,33.01,0
4301,Web,B,37.59,38.36,1
4302,Tienda,A,47.19,36.82,0
4303,Tienda,A,39.16,47.61,0
4304,Web,B,63.78,32.87,1
4305,Tienda,C,56.65,20.82,1
4306,Web,A,88.5,49.11,1
4307,Web,B,40.64,37.67,1
4308,Web,B,35.74,26.34,1
4309,Tienda,A,114.18,44.41,0
4310,Web,B,45.69,32.21,1
4311,Tienda,C,49.63,35.89,1
4312,Tienda,C,53.45,34.21,1
4313,Web,C,37.74,32.42,1
4314,Web,C,55.27,40.9,0
4315,Tienda,B,63.38,25.61,1
4316,Web,B,48.7,27.08,1
4317,Tienda,C,28.28,31.54,1
4318,Web,A,43.9,38.69,0
4319,Web,A,49.69,42.44,0
4320,Web,B,181.24,39.52,1
4321,Web,A,43.43,29.84,1
4322,Web,A,38.22,27.76,1
4323,Web,A,48.61,40.25,0
4324,Web,B,28.61,39.09,1
4325,Web,B,76.13,50.96,1
4326,Web,A,40.79,37.71,0
4327,Tienda,A,26.08,43.66,0
4328,Web,A,32.25,36.73,1
4329,Web,B,67.15,38.2,1
4330,Web,B,15.46,34.88,1
4331,Tienda,A,28.23,34.92,1
4332,Tienda,A,65.95,38.98,1
4333,Web,A,36.1,40.26,1
4334,Web,A,88.74,46.08,1
4335,Web,A,39.6,38.98,1
4336,Web,B,61.06,45.25,0
4337,Web,A,55.85,33.02,1
4338,Web,A,33.21,46.13,0
4339,Web,C,71.08,40.89,0
4340,Web,A,32.64,36.29,0
4341,Web,A,64.5,47.07,0
4342,Tienda,A,43.94,41.59,1
4343,Web,B,37.64,46.86,1
4344,Tienda,C,71.47,37.02,1
4345,Web,C,24.3,37.21,1
4346,Tienda,A,45.41,33.08,0
4347,Web,A,34.66,34.16,1
4348,Web,C,89.12,19.93,1
4349,Web,A,27.59,35.51,1
4350,Web,A,28.78,40.7,1
4351,Web,C,92.07,40.96,1
4352,Tienda,A,95.5,50.62,1
4353,Web,A,51.5,49.35,1
4354,Tienda,A,48.44,34.1,1
4355,Web,C,33.43,42.01,1
4356,Web,B,34.36,39.16,0
4357,Tienda,B,28.15,33.36,1
4358,Web,C,24.45,35.05,1
4359,Web,C,42.91,35.04,1
4360,Tienda,C,20.88,32.96,1
4361,Tienda,B,98.22,42.53,1
4362,Web,C,47.38,35.47,0
4363,Tienda,C,38.69,27.1,1
4364,Tienda,C,68.4,34.91,1
4365,Tienda,A,73.72,50.62,1
4366,Web,C,20.14,36.12,0
4367,Tienda,C,37.59,29.25,1
4368,Web,A,50.61,49.35,0
4369,Web,C,67.51,31.94,0
4370,Tienda,A,122.89,29.28,0
4371,Web,C,97.61,28.35,1
4372,Web,A,80.28,51.9,1
4373,Tienda,C,48.99,33.02,1
4374,Web,A,23.39,22.09,1
4375,Web,B,28.99,26.3,1
4376,Web,B,20.41,31.81,1
4377,Web,A,32.49,44.95,0
4378,Tienda,B,87.31,38.68,1
4379,Web,A,29.49,37.6,1
4380,Tienda,B,63.97,51.3,1
4381,Web,A,27.28,27.45,1
4382,Web,B,47.74,38.86,1
4383,Tienda,B,65.75,26.83,1
4384,Web,C,51.99,42.4,1
4385,Web,B,41.46,37.83,1
4386,Tienda,A,42.18,30.53,1
4387,Web,B,25.78,32.67,1
4388,Web,B,39.47,43.14,1
4389,Web,C,128.79,26.43,0
4390,Web,A,94.82,38.17,1
4391,Tienda,C,64.19,32.67,0
4392,Tienda,B,83.31,25.68,1
4393,Tienda,B,117.23,33.14,1
4394,Web,A,23.21,46.41,1
4395,Web,A,53.75,42.32,0
4396,Tienda,B,75.08,41.8,1
4397,Web,C,33.26,25.8,1
4398,Web,C,44.35,33.83,1
4399,Web,B,37.98,43.29,1
4400,Tienda,C,80.0,25.69,1
4401,Tienda,A,65.73,33.01,0
4402,Web,B,33.77,30.11,1
4403,Web,B,38.76,36.21,0
4404,Tienda,A,41.94,34.35,1
4405,Tienda,B,50.67,49.13,1
4406,Tienda,B,117.49,38.24,1
4407,Web,C,50.94,40.49,0
4408,Tienda,C,47.48,42.75,1
4409,Web,A,34.36,40.93,1
4410,Web,C,59.47,39.7,1
4411,Tienda,B,67.29,25.45,1
4412,Web,A,33.07,38.79,1
4413,Tienda,A,105.35,49.33,0
4414,Web,B,37.21,35.17,1
4415,Web,B,25.62,37.38,1
4416,Web,C,25.63,27.16,1
4417,Tienda,A,84.97,44.72,0
4418,Tienda,B,42.27,43.33,1
4419,Tienda,A,35.62,29.37,1
4420,Web,A,40.9,39.67,0
4421,Tienda,A,65.41,30.68,1
4422,Tienda,B,39.55,23.54,1
4423,Web,A,54.44,51.11,1
4424,Tienda,B,73.32,30.48,0
4425,Web,B,41.02,40.63,1
4426,Web,C,33.97,40.65,0
4427,Web,B,98.07,29.36,1
4428,Web,A,39.48,25.41,1
4429,Web,C,57.07,35.82,1
4430,Web,B,39.91,46.35,1
4431,Tienda,C,69.95,20.72,1
4432,Web,B,43.03,39.85,1
4433,Web,B,72.93,35.7,1
4434,Tienda,C,42.41,36.1,1
4435,Tienda,A,64.86,37.53,0
4436,Tienda,C,44.38,20.14,1
4437,Web,C,79.42,31.38,1
4438,Tienda,B,26.91,24.43,1
4439,Tienda,A,39.65,34.55,1
4440,Tienda,C,87.4,36.99,1
4441,Web,B,35.92,30.6,0
4442,Tienda,B,52.08,45.52,0
4443,Tienda,C,50.45,39.29,1
4444,Web,A,79.57,49.1,1
4445,Web,C,33.88,26.14,1
4446,Tienda,B,69.35,31.84,1
4447,Tienda,B,32.01,36.84,1
4448,Web,A,42.54,45.43,0
4449,Tienda,A,32.04,43.06,1
4450,Web,B,53.97,30.44,1
4451,Web,C,25.48,41.5,1
4452,Web,C,77.05,20.92,1
4453,Web,C,47.67,19.36,1
4454,Tienda,C,54.03,36.39,1
4455,Web,A,50.29,37.54,0
4456,Web,C,97.18,31.88,0
4457,Web,C,65.76,35.91,1
4458,Web,A,64.75,47.82,1
4459,Web,C,23.65,28.93,1
4460,Web,B,35.23,36.02,1
4461,Web,C,36.19,40.61,1
4462,Web,B,26.63,54.58,1
4463,Web,B,30.08,20.97,1
4464,Web,C,29.61,29.67,0
4465,Web,C,43.25,11.58,1
4466,Web,B,30.42,31.07,1
4467,Web,B,90.41,45.21,1
4468,Web,B,37.01,41.83,1
4469,Tienda,A,29.42,30.13,1
4470,Web,A,47.27,44.94,1
4471,Web,C,41.48,37.31,1
4472,Web,C,69.33,28.75,1
4473,Web,B,28.8,33.62,1
4474,Web,A,42.05,49.71,0
4475,Tienda,B,49.14,44.31,1
4476,Web,B,63.65,56.92,0
4477,Web,B,81.86,30.35,1
4478,Tienda,B,56.48,32.87,1
4479,Tienda,B,53.92,35.86,1
4480,Tienda,B,71.09,35.84,1
4481,Web,A,89.79,44.09,1
4482,Web,B,55.84,37.74,1
4483,Web,B,60.35,36.84,0
4484,Web,C,30.45,46.09,1
4485,Web,C,51.72,24.92,1
4486,Web,C,25.13,38.9,0
4487,Web,B,30.04,42.26,0
4488,Web,A,33.01,45.54,0
4489,Tienda,B,36.21,35.15,1
4490,Web,B,56.51,36.35,1
4491,Web,B,67.08,24.65,1
4492,Web,C,43.48,40.38,0
4493,Web,C,65.13,37.96,1
4494,Web,C,50.96,30.12,1
4495,Web,B,31.27,31.02,1
4496,Web,B,48.99,26.93,0
4497,Web,A,65.45,37.58,0
4498,Web,C,50.21,31.28,1
4499,Web,A,44.54,49.97,0
4500,Web,C,64.96,35.95,1
4501,Tienda,A,73.55,37.31,1
4502,Web,C,45.22,36.78,1
4503,Tienda,B,90.22,41.51,1
4504,Tienda,A,50.08,43.75,0
4505,Web,A,50.3,46.04,1
4506,Web,B,33.31,34.75,1
4507,Web,C,81.96,26.65,1
4508,Web,A,39.38,40.47,1
4509,Tienda,A,36.92,31.03,0
4510,Web,A,68.45,44.67,1
4511,Web,A,53.73,47.64,0
4512,Tienda,B,93.03,39.9,1
4513,Web,B,61.69,39.42,1
4514,Web,A,60.51,44.84,1
4515,Tienda,B,35.62,25.78,1
4516,Tienda,C,28.71,37.85,1
4517,Web,B,25.32,35.25,1
4518,Web,B,45.38,46.11,0
4519,Tienda,C,53.77,34.41,1
4520,Web,B,24.77,50.66,1
4521,Web,B,67.11,29.46,1
4522,Web,A,41.88,42.18,1
4523,Web,A,70.07,34.39,1
4524,Web,A,39.92,45.56,0
4525,Web,B,18.04,30.15,1
4526,Web,C,14.48,28.75,1
4527,Web,C,32.55,38.98,1
4528,Tienda,C,92.27,17.85,1
4529,Tienda,A,47.15,29.81,1
4530,Web,C,22.16,35.05,0
4531,Web,B,45.8,41.31,0
4532,Web,C,45.68,37.07,1
4533,Web,C,18.6,26.72,1
4534,Tienda,B,57.15,28.56,1
4535,Web,B,22.1,41.9,1
4536,Web,A,28.64,33.93,1
4537,Web,B,19.97,42.0,1
4538,Tienda,C,57.17,35.6,1
4539,Web,C,54.72,29.34,1
4540,Web,B,27.31,24.6,1
4541,Web,B,61.34,41.5,0
4542,Web,C,67.37,40.97,1
4543,Tienda,A,26.54,35.35,0
4544,Web,A,37.17,34.51,1
4545,Web,A,39.75,34.91,1
4546,Web,C,45.9,38.82,1
4547,Tienda,C,48.2,30.0,1
4548,Web,B,105.78,30.38,0
4549,Web,B,22.05,44.08,0
4550,Tienda,C,75.14,28.32,1
4551,Tienda,A,41.0,35.5,0
4552,Tienda,A,38.03,34.72,1
4553,Tienda,C,72.46,33.47,1
4554,Web,B,33.49,29.02,0
4555,Tienda,B,36.2,39.18,1
4556,Web,A,59.33,40.87,0
4557,Tienda,A,55.88,29.02,1
4558,Tienda,C,56.33,30.17,1
4559,Tienda,A,66.71,37.5,1
4560,Tienda,A,49.07,27.19,1
4561,Web,B,54.85,34.61,1
4562,Web,A,35.15,44.28,0
4563,Web,A,73.97,45.15,0
4564,Web,A,63.32,47.64,1
4565,Web,A,77.63,37.13,1
4566,Web,B,123.45,36.29,1
4567,Web,B,54.45,48.38,1
4568,Web,A,26.45,48.58,1
4569,Web,B,51.03,25.31,1
4570,Tienda,C,67.6,16.72,1
4571,Web,C,33.81,37.46,1
4572,Web,B,44.78,36.44,0
4573,Web,B,84.41,36.15,1
4574,Web,B,58.78,39.48,1
4575,Web,C,64.03,33.75,0
4576,Web,C,62.53,40.9,1
4577,Web,A,41.86,28.48,1
4578,Tienda,B,53.64,22.14,1
4579,Web,B,46.83,34.28,1
4580,Web,B,36.19,36.83,0
4581,Web,C,45.13,27.61,1
4582,Web,C,63.78,42.43,1
4583,Tienda,B,41.51,38.55,1
4584,Web,B,42.07,43.72,1
4585,Tienda,A,33.18,28.79,1
4586,Web,C,17.96,36.09,1
4587,Web,A,76.3,50.19,0
4588,Web,C,32.67,16.38,1
4589,Web,B,68.4,47.71,1
4590,Web,C,58.08,35.55,1
4591,Tienda,A,54.08,34.42,1
4592,Web,B,45.6,14.72,1
4593,Web,C,44.05,37.69,1
4594,Tienda,A,59.84,33.94,1
4595,Web,A,66.84,44.75,1
4596,Web,C,39.81,31.45,0
4597,Web,B,97.17,42.96,1
4598,Web,B,68.78,30.91,1
4599,Tienda,B,53.1,38.97,1
4600,Tienda,C,42.52,39.32,0
4601,Tienda,C,62.9,31.04,1
4602,Web,C,66.9,26.55,1
4603,Web,B,72.25,34.94,1
4604,Web,C,87.41,36.12,1
4605,Web,B,38.39,45.83,0
4606,Web,C,35.85,40.14,1
4607,Tienda,C,60.9,21.97,1
4608,Tienda,C,31.36,44.86,1
4609,Web,B,53.49,34.53,1
4610,Web,C,60.0,37.39,1
4611,Tienda,A,54.29,29.38,0
4612,Tienda,B,72.62,33.62,0
4613,Web,C,26.96,37.35,1
4614,Web,A,100.04,43.85,0
4615,Web,C,52.91,38.68,1
4616,Tienda,A,42.91,35.67,0
4617,Web,C,31.5,24.59,0
4618,Web,A,39.77,43.47,0
4619,Web,A,49.71,52.41,1
4620,Web,B,33.22,23.66,1
4621,Web,A,83.89,45.19,1
4622,Tienda,A,35.52,35.13,1
4623,Tienda,C,59.19,31.62,1
4624,Web,B,67.22,26.1,0
4625,Tienda,C,44.77,31.93,1
4626,Web,B,31.78,34.85,1
4627,Web,C,28.92,35.98,1
4628,Web,C,30.58,31.45,1
4629,Web,B,136.75,38.94,0
4630,Web,A,56.27,31.06,1
4631,Web,C,49.87,34.01,1
4632,Web,A,20.24,37.25,1
4633,Tienda,A,87.63,46.74,1
4634,Web,C,61.86,41.93,0
4635,Web,B,23.7,38.7,1
4636,Web,B,45.27,28.34,0
4637,Web,C,67.61,27.67,1
4638,Web,C,57.51,29.46,1
4639,Web,B,52.03,39.51,1
4640,Web,C,57.44,39.3,1
4641,Web,B,41.95,51.39,1
4642,Tienda,C,37.19,21.07,1
4643,Web,A,38.39,45.92,0
4644,Web,C,113.64,18.95,1
4645,Tienda,C,86.28,33.21,1
4646,Tienda,C,47.58,27.19,1
4647,Web,B,76.86,31.85,1
4648,Tienda,B,35.53,40.17,1
4649,Web,C,32.67,39.71,1
4650,Tienda,C,42.4,32.27,1
4651,Web,B,37.29,40.65,1
4652,Web,B,76.86,44.72,1
4653,Tienda,C,60.13,35.76,1
4654,Web,A,75.65,34.71,1
4655,Tienda,B,47.21,34.07,0
4656,Web,C,56.13,31.73,1
4657,Web,A,42.42,44.13,1
4658,Web,B,95.81,27.17,1
4659,Tienda,B,36.62,44.36,1
4660,Tienda,A,73.65,38.57,1
4661,Tienda,B,35.17,36.8,1
4662,Web,B,75.74,28.95,1
4663,Tienda,C,37.02,27.92,1
4664,Web,A,38.61,38.55,1
4665,Web,C,52.18,23.71,1
4666,Web,C,29.92,22.55,1
4667,Web,A,61.96,26.46,1
4668,Tienda,C,58.98,28.62,1
4669,Web,A,26.99,32.19,1
4670,Web,B,43.77,39.38,0
4671,Tienda,A,63.15,37.25,1
4672,Tienda,A,69.31,46.27,1
4673,Web,A,28.58,47.66,1
4674,Web,C,35.57,28.42,1
4675,Tienda,C,105.36,23.58,1
4676,Web,B,55.11,49.81,1
4677,Tienda,A,52.38,42.42,1
4678,Tienda,A,46.8,24.35,0
4679,Web,C,28.15,38.36,0
4680,Web,A,40.59,36.36,0
4681,Web,B,45.36,37.77,0
4682,Web,A,52.56,54.35,1
4683,Tienda,C,66.3,30.5,0
4684,Tienda,C,50.67,44.13,1
4685,Web,B,38.66,33.55,1
4686,Tienda,A,67.79,49.89,0
4687,Web,C,64.83,34.88,1
4688,Tienda,B,43.52,42.02,1
4689,Tienda,B,63.13,39.62,1
4690,Web,A,69.1,35.13,1
4691,Tienda,C,80.67,21.2,0
4692,Tienda,C,70.07,40.88,1
4693,Tienda,C,65.49,44.1,1
4694,Web,A,33.31,26.58,1
4695,Tienda,C,35.57,31.04,0
4696,Tienda,B,44.06,35.79,1
4697,Tienda,C,50.35,41.8,1
4698,Web,B,54.92,40.17,0
4699,Tienda,C,38.57,46.86,1
4700,Web,C,26.66,34.45,1
4701,Web,C,45.16,36.27,0
4702,Tienda,C,86.7,31.33,1
4703,Tienda,B,68.86,27.58,1
4704,Web,A,70.1,33.45,1
4705,Tienda,A,45.56,20.03,0
4706,Web,C,71.21,47.15,1
4707,Web,B,57.53,50.16,1
4708,Web,C,34.3,27.68,1
4709,Web,A,62.79,36.4,1
4710,Tienda,B,54.9,40.06,1
4711,Web,A,55.72,39.94,1
4712,Web,C,59.7,28.79,1
4713,Tienda,C,31.74,27.12,1
4714,Tienda,A,66.27,46.94,1
4715,Web,C,75.97,33.13,1
4716,Web,A,55.48,40.1,1
4717,Web,A,54.21,34.65,1
4718,Tienda,B,47.53,44.61,1
4719,Tienda,C,53.42,31.86,0
4720,Web,B,62.58,38.91,0
4721,Tienda,B,49.27,32.77,0
4722,Tienda,A,57.57,31.27,1
4723,Web,A,60.15,40.48,0
4724,Web,B,31.11,33.47,1
4725,Web,B,33.63,41.3,1
4726,Web,B,68.79,44.03,1
4727,Web,C,58.04,34.41,1
4728,Tienda,A,57.79,46.52,1
4729,Web,A,42.31,38.58,1
4730,Tienda,B,69.05,27.33,0
4731,Web,A,27.44,40.68,1
4732,Web,C,83.05,29.84,1
4733,Web,A,33.37,34.08,1
4734,Tienda,A,27.63,41.2,0
4735,Tienda,C,83.05,32.65,1
4736,Tienda,B,89.82,32.83,1
4737,Web,B,48.37,35.89,1
4738,Tienda,A,45.04,33.19,1
4739,Tienda,A,50.27,33.11,1
4740,Web,B,64.28,53.17,1
4741,Tienda,B,95.08,29.42,0
4742,Web,C,41.13,27.96,1
4743,Web,C,45.94,33.93,1
4744,Web,C,78.94,41.5,1
4745,Tienda,A,61.52,38.96,1
4746,Web,C,58.77,33.67,1
4747,Tienda,A,43.19,42.29,1
4748,Web,B,32.98,49.87,1
4749,Tienda,B,55.84,27.34,1
4750,Web,A,24.96,43.55,1
4751,Tienda,A,40.72,47.89,1
4752,Tienda,C,71.2,35.3,1
4753,Tienda,B,68.12,34.29,1
4754,Web,A,42.04,35.89,0
4755,Tienda,C,38.16,34.05,1
4756,Tienda,B,22.94,25.59,1
4757,Tienda,A,70.64,43.73,0
4758,Web,A,55.5,34.95,1
4759,Web,A,39.07,48.41,1
4760,Web,C,17.35,17.76,1
4761,Web,B,40.8,32.98,1
4762,Web,A,71.77,28.67,0
4763,Web,A,66.82,40.14,1
4764,Web,A,35.71,50.56,1
4765,Tienda,C,85.7,35.69,1
4766,Web,B,42.88,36.32,0
4767,Tienda,A,59.48,51.49,1
4768,Web,C,61.71,39.57,1
4769,Web,B,48.15,33.98,1
4770,Web,C,39.98,30.05,1
4771,Web,A,86.85,41.43,1
4772,Tienda,A,46.58,36.87,1
4773,Tienda,C,53.94,28.37,1
4774,Tienda,C,61.93,37.51,1
4775,Tienda,A,59.56,24.33,1
4776,Web,A,24.79,32.78,1
4777,Web,C,52.54,34.89,1
4778,Tienda,B,62.97,43.56,1
4779,Tienda,A,54.9,40.58,0
4780,Web,B,49.61,34.92,1
4781,Web,C,31.96,33.12,1
4782,Web,C,52.59,37.16,0
4783,Web,A,41.45,52.66,1
4784,Tienda,A,56.9,47.68,1
4785,Web,B,53.88,44.9,1
4786,Web,B,66.34,46.64,1
4787,Web,A,34.39,45.02,1
4788,Tienda,B,55.77,35.4,0
4789,Web,B,50.04,28.3,1
4790,Web,B,24.18,41.29,1
4791,Tienda,B,52.6,19.61,1
4792,Web,B,42.13,29.45,1
4793,Web,A,58.11,41.46,0
4794,Tienda,C,58.55,26.88,1
4795,Web,B,36.87,38.41,1
4796,Web,B,70.65,36.23,1
4797,Tienda,A,31.18,41.72,0
4798,Web,B,47.94,42.81,1
4799,Web,B,34.06,42.39,1
4800,Tienda,C,41.36,33.97,1
4801,Web,B,59.59,47.52,1
4802,Web,C,87.46,16.48,1
4803,Web,A,55.68,41.26,0
4804,Web,B,39.8,47.28,0
4805,Web,A,54.04,50.83,0
4806,Web,B,47.66,43.91,1
4807,Tienda,A,42.59,30.33,1
4808,Web,A,68.01,45.27,0
4809,Web,A,26.15,46.01,1
4810,Tienda,A,39.57,34.46,0
4811,Tienda,B,30.8,30.08,0
4812,Web,B,22.92,45.72,1
4813,Tienda,B,51.8,26.35,1
4814,Web,B,43.46,42.37,1
4815,Web,A,47.24,49.64,1
4816,Web,A,39.02,38.09,1
4817,Web,C,70.02,25.85,1
4818,Web,C,49.48,31.49,1
4819,Web,A,37.85,27.7,0
4820,Tienda,C,94.52,31.83,0
4821,Web,C,54.52,42.65,0
4822,Web,C,60.73,25.43,1
4823,Web,B,33.64,34.99,1
4824,Web,A,42.27,45.17,1
4825,Web,C,118.54,39.89,1
4826,Web,B,41.92,33.96,1
4827,Web,B,69.8,38.58,1
4828,Tienda,C,72.35,35.09,0
4829,Tienda,C,55.11,27.25,1
4830,Tienda,C,65.3,24.08,1
4831,Web,B,42.22,29.93,1
4832,Web,A,87.04,41.12,1
4833,Tienda,A,82.35,36.07,1
4834,Web,A,53.59,45.0,1
4835,Web,C,34.18,24.29,1
4836,Tienda,B,56.12,30.41,1
4837,Web,B,59.53,43.39,0
4838,Web,B,19.96,35.77,1
4839,Web,A,34.17,36.46,1
4840,Web,B,78.6,46.37,0
4841,Tienda,C,55.11,18.85,1
4842,Tienda,C,57.18,36.02,0
4843,Web,A,39.39,47.7,0
4844,Tienda,C,40.78,27.19,1
4845,Tienda,B,69.86,39.99,1
4846,Web,C,38.41,32.18,1
4847,Web,B,25.1,48.46,0
4848,Web,C,66.97,19.03,1
4849,Tienda,B,53.8,29.05,1
4850,Tienda,A,38.66,42.11,0
4851,Tienda,B,82.57,30.33,1
4852,Web,C,55.87,38.53,1
4853,Web,C,52.58,44.73,0
4854,Web,B,49.86,46.95,1
4855,Tienda,A,53.73,47.02,1
4856,Web,A,41.5,41.58,0
4857,Web,C,50.45,33.24,1
4858,Web,A,66.21,46.54,1
4859,Web,A,29.09,41.62,0
4860,Tienda,C,40.61,22.52,0
4861,Web,B,46.71,39.05,0
4862,Web,B,36.91,35.04,1
4863,Web,B,29.59,35.51,1
4864,Web,A,47.74,41.95,1
4865,Web,A,18.14,45.85,0
4866,Tienda,A,80.93,39.76,1
4867,Web,C,40.34,36.26,0
4868,Web,C,28.79,35.06,1
4869,Web,A,70.98,38.99,1
4870,Web,B,54.64,28.09,1
4871,Web,C,38.85,35.3,1
4872,Web,C,51.41,31.7,1
4873,Tienda,C,35.65,18.55,1
4874,Web,A,31.56,49.61,1
4875,Web,B,46.51,41.77,0
4876,Tienda,B,70.48,23.18,1
4877,Tienda,B,40.4,33.52,1
4878,Tienda,A,36.93,24.9,1
4879,Web,C,26.47,31.0,1
4880,Tienda,B,38.74,45.06,0
4881,Web,B,23.83,33.6,0
4882,Web,B,103.11,38.49,1
4883,Tienda,C,36.91,17.29,1
4884,Web,C,35.18,40.41,1
4885,Web,A,97.14,38.63,1
4886,Web,B,16.64,38.92,0
4887,Tienda,C,37.56,48.05,1
4888,Web,B,49.26,32.97,0
4889,Web,C,36.13,42.04,1
4890,Tienda,A,64.75,39.18,1
4891,Tienda,C,50.95,37.45,1
4892,Tienda,B,42.33,17.61,1
4893,Web,C,40.31,46.18,0
4894,Tienda,A,50.1,39.78,1
4895,Tienda,A,38.51,29.85,0
4896,Web,A,34.85,59.28,1
4897,Web,B,51.71,26.26,1
4898,Tienda,B,58.88,32.41,1
4899,Tienda,B,64.8,30.87,0
4900,Web,B,57.11,34.23,1
4901,Tienda,B,53.48,38.81,0
4902,Web,B,91.66,39.69,1
4903,Web,B,32.45,41.57,1
4904,Web,C,45.77,19.19,1
4905,Web,A,46.76,30.27,1
4906,Web,A,55.08,32.8,0
4907,Web,C,81.03,31.08,1
4908,Web,C,77.91,22.99,0
4909,Tienda,A,31.53,38.25,1
4910,Web,C,49.18,33.79,1
4911,Web,B,51.12,36.45,0
4912,Web,C,26.78,34.81,1
4913,Web,C,47.71,27.44,1
4914,Web,B,59.86,37.54,1
4915,Tienda,C,79.1,35.68,1
4916,Tienda,B,49.69,34.13,1
4917,Web,B,48.69,33.49,0
4918,Web,B,43.16,35.81,1
4919,Web,C,51.16,30.37,1
4920,Tienda,A,61.3,30.79,1
4921,Web,B,38.71,29.79,1
4922,Web,B,36.38,38.45,1
4923,Web,B,29.61,29.31,1
4924,Web,C,41.45,38.91,1
4925,Web,C,76.98,33.57,0
4926,Tienda,B,45.21,25.56,1
4927,Web,A,29.69,48.62,1
4928,Tienda,B,36.04,35.3,0
4929,Tienda,A,73.03,41.1,1
4930,Tienda,A,45.21,45.62,1
4931,Tienda,C,28.92,39.66,1
4932,Web,C,55.0,37.08,1
4933,Tienda,A,39.31,53.02,0
4934,Tienda,C,53.12,20.26,0
4935,Web,A,51.41,49.14,0
4936,Web,B,52.22,29.12,1
4937,Tienda,B,80.65,30.18,1
4938,Tienda,A,49.18,27.79,1
4939,Web,A,28.18,46.43,1
4940,Tienda,C,57.73,28.02,1
4941,Web,A,30.46,39.84,1
4942,Web,A,67.25,52.07,1
4943,Web,B,48.72,39.92,1
4944,Web,A,45.46,45.71,1
4945,Web,B,65.6,43.45,1
4946,Tienda,A,31.8,40.4,0
4947,Web,B,62.77,49.87,1
4948,Tienda,C,98.47,25.73,0
4949,Tienda,A,36.26,42.44,1
4950,Web,C,38.63,34.65,0
4951,Tienda,C,75.48,53.68,0
4952,Web,B,54.46,48.91,1
4953,Web,A,42.78,42.08,1
4954,Web,C,37.89,47.58,1
4955,Web,A,49.49,38.38,0
4956,Web,A,47.33,47.17,1
4957,Web,A,38.77,42.68,1
4958,Web,B,74.81,32.25,0
4959,Web,B,31.75,42.27,1
4960,Web,A,36.55,46.6,0
4961,Tienda,A,87.1,33.01,1
4962,Web,A,36.19,33.59,1
4963,Web,C,40.22,37.65,1
4964,Web,B,49.76,45.76,1
4965,Web,A,41.13,47.68,0
4966,Tienda,A,83.32,37.52,1
4967,Web,A,56.39,47.28,1
4968,Tienda,B,35.64,35.76,0
4969,Web,C,47.89,34.35,1
4970,Web,B,37.44,37.17,1
4971,Tienda,A,57.0,30.29,1
4972,Web,B,34.65,28.57,1
4973,Web,B,75.14,39.21,0
4974,Web,B,25.44,30.35,1
4975,Web,B,68.52,36.8,1
4976,Tienda,C,105.06,42.35,1
4977,Tienda,C,39.21,19.82,1
4978,Web,A,75.38,40.66,1
4979,Web,B,43.33,38.95,1
4980,Web,C,35.8,24.35,1
4981,Tienda,A,40.9,35.97,1
4982,Tienda,C,57.76,25.37,1
4983,Tienda,A,63.89,34.5,1
4984,Web,B,30.94,22.65,1
4985,Web,A,33.92,36.75,1
4986,Web,B,32.64,41.61,1
4987,Web,B,43.35,36.89,0
4988,Tienda,B,63.55,41.61,1
4989,Web,C,39.48,29.27,1
4990,Tienda,C,43.07,19.65,0
4991,Web,C,41.39,28.6,0
4992,Web,A,33.06,50.68,1
4993,Web,A,35.1,51.59,0
4994,Tienda,B,27.15,40.8,1
4995,Tienda,B,54.83,25.05,0
4996,Tienda,B,55.45,25.66,1
4997,Tienda,C,60.84,26.76,1
4998,Web,B,26.71,40.73,0
4999,Web,B,33.41,43.03,1
5000,Tienda,C,34.05,28.63,1
